{
  "_id": "firebase",
  "type": "system:microservice",
  "docker": {
    "environment": {
      "KEYFILE": {
        "type": "service_account",
        "auth_provider_x509_cert_url": "https://www.googleapis.com/oauth2/v1/certs",
        "auth_uri": "https://accounts.google.com/o/oauth2/auth",
        "client_email": "sesam-training@trainingproject-6abf3.iam.gserviceaccount.com",
        "client_id": "102334878446180675879",
        "client_x509_cert_url": "https://www.googleapis.com/robot/v1/metadata/x509/sesam-training%40trainingproject-6abf3.iam.gserviceaccount.com",
        "private_key": "$SECRET(firebase-private-key)",
        "private_key_id": "2b563b7c6228c28dbdbc229795e8a3ffe4ae80ce",
        "project_id": "trainingproject-6abf3",
        "token_uri": "https://accounts.google.com/o/oauth2/token"
      },
      "PROJECT_ID": "trainingproject-6abf3"
    },
    "image": "sesamcommunity/firebase:latest",
    "memory": 512,
    "port": 5000
  }
}
