{
  "_id": "azure-person",
  "type": "pipe",
  "source": {
    "type": "conditional",
    "alternatives": {
      "embedded": {
        "type": "embedded",
        "entities": [{
          "_id": "23072451376",
          "Country": "NO",
          "EmailAddress": "TorjusSand@einrot.com",
          "Gender": "male",
          "GivenName": "Torjus",
          "MiddleInitial": "M",
          "Number": "1",
          "SSN": "23072451376",
          "StreetAddress": "Helmers vei 242",
          "Surname": "Sand",
          "Title": "Mr.",
          "Username": "Unjudosely",
          "ZipCode": "5163"
        }, {
          "_id": "09046987892",
          "Country": "NO",
          "EmailAddress": "LarsEvjen@rhyta.com",
          "Gender": "male",
          "GivenName": "Lars",
          "MiddleInitial": "A",
          "Number": "2",
          "SSN": "09046987892",
          "StreetAddress": "Frognerveien 60",
          "Surname": "Evjen",
          "Title": "Mr.",
          "Username": "Wimen1979",
          "ZipCode": "3121"
        }, {
          "_id": "07033589977",
          "Country": "NO",
          "EmailAddress": "DennisOlsen@dayrep.com",
          "Gender": "male",
          "GivenName": "Dennis",
          "MiddleInitial": "L",
          "Number": "3",
          "SSN": "07033589977",
          "StreetAddress": "Gydas gate 227",
          "Surname": "Olsen",
          "Title": "Mr.",
          "Username": "Gotin1984",
          "ZipCode": "3732"
        }, {
          "_id": "14032975433",
          "Country": "NO",
          "EmailAddress": "Emiliestby@teleworm.us",
          "Gender": "female",
          "GivenName": "Emilie",
          "MiddleInitial": "T",
          "Number": "4",
          "SSN": "14032975433",
          "StreetAddress": "Landeroveien 83",
          "Surname": "Østby",
          "Title": "Mrs.",
          "Username": "Slin1956",
          "ZipCode": "0672"
        }, {
          "_id": "20116430180",
          "Country": "NO",
          "EmailAddress": "JonasHaile@jourrapide.com",
          "Gender": "male",
          "GivenName": "Jonas",
          "MiddleInitial": "E",
          "Number": "5",
          "SSN": "20116430180",
          "StreetAddress": "Indre Løkkavei 3",
          "Surname": "Haile",
          "Title": "Mr.",
          "Username": "Firejus",
          "ZipCode": "3515"
        }, {
          "_id": "03045865306",
          "Country": "NO",
          "EmailAddress": "MartineJohansson@gustr.com",
          "Gender": "female",
          "GivenName": "Martine",
          "MiddleInitial": "J",
          "Number": "6",
          "SSN": "03045865306",
          "StreetAddress": "Statsråd Kroghs veg 222",
          "Surname": "Johansson",
          "Title": "Mrs.",
          "Username": "Somper",
          "ZipCode": "7021"
        }, {
          "_id": "12062922598",
          "Country": "NO",
          "EmailAddress": "DavidTnder@superrito.com",
          "Gender": "male",
          "GivenName": "David",
          "MiddleInitial": "N",
          "Number": "7",
          "SSN": "12062922598",
          "StreetAddress": "H.A.Reinerts gate 159",
          "Surname": "Tønder",
          "Title": "Mr.",
          "Username": "Zably1991",
          "ZipCode": "1524"
        }, {
          "_id": "01112962070",
          "Country": "NO",
          "EmailAddress": "JulieNordeng@teleworm.us",
          "Gender": "female",
          "GivenName": "Julie",
          "MiddleInitial": "A",
          "Number": "8",
          "SSN": "01112962070",
          "StreetAddress": "Sandbrekketoppen 63",
          "Surname": "Nordeng",
          "Title": "Mrs.",
          "Username": "Hicar1971",
          "ZipCode": "5224"
        }, {
          "_id": "14085111225",
          "Country": "NO",
          "EmailAddress": "ErikaOlsen@jourrapide.com",
          "Gender": "female",
          "GivenName": "Erika",
          "MiddleInitial": "L",
          "Number": "9",
          "SSN": "14085111225",
          "StreetAddress": "Fürstlia 148",
          "Surname": "Olsen",
          "Title": "Mrs.",
          "Username": "Whavillat",
          "ZipCode": "1367"
        }, {
          "_id": "12052427741",
          "Country": "NO",
          "EmailAddress": "AleksanderOmmundsen@rhyta.com",
          "Gender": "male",
          "GivenName": "Aleksander",
          "MiddleInitial": "M",
          "Number": "10",
          "SSN": "12052427741",
          "StreetAddress": "Rømers gate 182",
          "Surname": "Ommundsen",
          "Title": "Mr.",
          "Username": "Grale1949",
          "ZipCode": "7030"
        }, {
          "_id": "19114455850",
          "Country": "NO",
          "EmailAddress": "SaraGustavsen@einrot.com",
          "Gender": "female",
          "GivenName": "Sara",
          "MiddleInitial": "B",
          "Number": "11",
          "SSN": "19114455850",
          "StreetAddress": "Flaenveien 249",
          "Surname": "Gustavsen",
          "Title": "Ms.",
          "Username": "Suspe1950",
          "ZipCode": "0953"
        }, {
          "_id": "24057062155",
          "Country": "NO",
          "EmailAddress": "CorneliaOlsen@einrot.com",
          "Gender": "female",
          "GivenName": "Cornelia",
          "MiddleInitial": "P",
          "Number": "12",
          "SSN": "24057062155",
          "StreetAddress": "Søderlundmyra 26",
          "Surname": "Olsen",
          "Title": "Ms.",
          "Username": "Beeloo",
          "ZipCode": "8622"
        }, {
          "_id": "03102446917",
          "Country": "NO",
          "EmailAddress": "KatinkaStrand@fleckens.hu",
          "Gender": "female",
          "GivenName": "Katinka",
          "MiddleInitial": "B",
          "Number": "13",
          "SSN": "03102446917",
          "StreetAddress": "Olav Trygvasons gate 83",
          "Surname": "Strand",
          "Title": "Ms.",
          "Username": "Nork1962",
          "ZipCode": "3046"
        }, {
          "_id": "28044435335",
          "Country": "NO",
          "EmailAddress": "LauritsBerg@dayrep.com",
          "Gender": "male",
          "GivenName": "Laurits",
          "MiddleInitial": "E",
          "Number": "14",
          "SSN": "28044435335",
          "StreetAddress": "Borchgrevinks veg 118",
          "Surname": "Berg",
          "Title": "Mr.",
          "Username": "Aphervin",
          "ZipCode": "7020"
        }, {
          "_id": "18112483943",
          "Country": "NO",
          "EmailAddress": "EliasThomassen@einrot.com",
          "Gender": "male",
          "GivenName": "Elias",
          "MiddleInitial": "M",
          "Number": "15",
          "SSN": "18112483943",
          "StreetAddress": "Øvre Kolstien 213",
          "Surname": "Thomassen",
          "Title": "Mr.",
          "Username": "Chases",
          "ZipCode": "5097"
        }, {
          "_id": "23082347736",
          "Country": "NO",
          "EmailAddress": "TuvaTeigen@jourrapide.com",
          "Gender": "female",
          "GivenName": "Tuva",
          "MiddleInitial": "K",
          "Number": "16",
          "SSN": "23082347736",
          "StreetAddress": "Porfyrveien 225",
          "Surname": "Teigen",
          "Title": "Ms.",
          "Username": "Loure1995",
          "ZipCode": "3140"
        }, {
          "_id": "01022985821",
          "Country": "NO",
          "EmailAddress": "AmalieJakobsen@einrot.com",
          "Gender": "female",
          "GivenName": "Amalie",
          "MiddleInitial": "M",
          "Number": "17",
          "SSN": "01022985821",
          "StreetAddress": "Odins vei 248",
          "Surname": "Jakobsen",
          "Title": "Ms.",
          "Username": "Cupped",
          "ZipCode": "1746"
        }, {
          "_id": "25066427258",
          "Country": "NO",
          "EmailAddress": "HannahBorgen@superrito.com",
          "Gender": "female",
          "GivenName": "Hannah",
          "MiddleInitial": "L",
          "Number": "18",
          "SSN": "25066427258",
          "StreetAddress": "Nattlandsåsen 14",
          "Surname": "Borgen",
          "Title": "Ms.",
          "Username": "Thernand36",
          "ZipCode": "5231"
        }, {
          "_id": "26083795297",
          "Country": "NO",
          "EmailAddress": "LucasTjstheim@dayrep.com",
          "Gender": "male",
          "GivenName": "Lucas",
          "MiddleInitial": "H",
          "Number": "19",
          "SSN": "26083795297",
          "StreetAddress": "Bjørndalstjørnet 78",
          "Surname": "Tjøstheim",
          "Title": "Mr.",
          "Username": "Rainkinste",
          "ZipCode": "5171"
        }, {
          "_id": "20094723254",
          "Country": "NO",
          "EmailAddress": "CelineSveen@superrito.com",
          "Gender": "female",
          "GivenName": "Celine",
          "MiddleInitial": "S",
          "Number": "20",
          "SSN": "20094723254",
          "StreetAddress": "Lønneveien 196",
          "Surname": "Sveen",
          "Title": "Mrs.",
          "Username": "Ithis1942",
          "ZipCode": "2020"
        }, {
          "_id": "08093925620",
          "Country": "NO",
          "EmailAddress": "CorneliusAndersen@einrot.com",
          "Gender": "male",
          "GivenName": "Cornelius",
          "MiddleInitial": "T",
          "Number": "21",
          "SSN": "08093925620",
          "StreetAddress": "Blåskjellveien 27",
          "Surname": "Andersen",
          "Title": "Mr.",
          "Username": "Fradenurry",
          "ZipCode": "9515"
        }, {
          "_id": "06064952809",
          "Country": "NO",
          "EmailAddress": "SiljeHolmen@superrito.com",
          "Gender": "female",
          "GivenName": "Silje",
          "MiddleInitial": "V",
          "Number": "22",
          "SSN": "06064952809",
          "StreetAddress": "Kveldrovegen 87",
          "Surname": "Holmen",
          "Title": "Ms.",
          "Username": "Weent1976",
          "ZipCode": "9407"
        }, {
          "_id": "13052612148",
          "Country": "NO",
          "EmailAddress": "EmilieDrange@dayrep.com",
          "Gender": "female",
          "GivenName": "Emilie",
          "MiddleInitial": "E",
          "Number": "23",
          "SSN": "13052612148",
          "StreetAddress": "Heggvegen 37",
          "Surname": "Drange",
          "Title": "Ms.",
          "Username": "Anglover",
          "ZipCode": "8657"
        }, {
          "_id": "23114265220",
          "Country": "NO",
          "EmailAddress": "MathildeAndersen@cuvox.de",
          "Gender": "female",
          "GivenName": "Mathilde",
          "MiddleInitial": "N",
          "Number": "24",
          "SSN": "23114265220",
          "StreetAddress": "Sjømannsveien 79",
          "Surname": "Andersen",
          "Title": "Mrs.",
          "Username": "Torgent",
          "ZipCode": "7040"
        }, {
          "_id": "03036816460",
          "Country": "NO",
          "EmailAddress": "TheoHaugen@gustr.com",
          "Gender": "male",
          "GivenName": "Theo",
          "MiddleInitial": "O",
          "Number": "25",
          "SSN": "03036816460",
          "StreetAddress": "Mergelveien 243",
          "Surname": "Haugen",
          "Title": "Mr.",
          "Username": "Persay",
          "ZipCode": "3258"
        }, {
          "_id": "28106260384",
          "Country": "NO",
          "EmailAddress": "JohannesBratli@einrot.com",
          "Gender": "male",
          "GivenName": "Johannes",
          "MiddleInitial": "I",
          "Number": "26",
          "SSN": "28106260384",
          "StreetAddress": "Gustav Jensens gate 128",
          "Surname": "Bratli",
          "Title": "Mr.",
          "Username": "Speargons",
          "ZipCode": "0461"
        }, {
          "_id": "23012520975",
          "Country": "NO",
          "EmailAddress": "MarkusAndersen@jourrapide.com",
          "Gender": "male",
          "GivenName": "Markus",
          "MiddleInitial": "T",
          "Number": "27",
          "SSN": "23012520975",
          "StreetAddress": "Liastien 116",
          "Surname": "Andersen",
          "Title": "Mr.",
          "Username": "Shiceat",
          "ZipCode": "1621"
        }, {
          "_id": "03092241196",
          "Country": "NO",
          "EmailAddress": "AshildThoresen@rhyta.com",
          "Gender": "female",
          "GivenName": "Åshild",
          "MiddleInitial": "O",
          "Number": "28",
          "SSN": "03092241196",
          "StreetAddress": "Frodegaten 47",
          "Surname": "Thoresen",
          "Title": "Ms.",
          "Username": "Lored1934",
          "ZipCode": "3111"
        }, {
          "_id": "28013484741",
          "Country": "NO",
          "EmailAddress": "BenjaminLarsen@rhyta.com",
          "Gender": "male",
          "GivenName": "Benjamin",
          "MiddleInitial": "S",
          "Number": "29",
          "SSN": "28013484741",
          "StreetAddress": "Kaigata 47",
          "Surname": "Larsen",
          "Title": "Mr.",
          "Username": "Peade1963",
          "ZipCode": "9008"
        }, {
          "_id": "10044647612",
          "Country": "NO",
          "EmailAddress": "PaulAhmed@gustr.com",
          "Gender": "male",
          "GivenName": "Paul",
          "MiddleInitial": "J",
          "Number": "30",
          "SSN": "10044647612",
          "StreetAddress": "Tiurvegen 116",
          "Surname": "Ahmed",
          "Title": "Mr.",
          "Username": "Nottedits",
          "ZipCode": "2411"
        }, {
          "_id": "27105614534",
          "Country": "NO",
          "EmailAddress": "SondreStorvik@einrot.com",
          "Gender": "male",
          "GivenName": "Sondre",
          "MiddleInitial": "L",
          "Number": "31",
          "SSN": "27105614534",
          "StreetAddress": "Storheia 75",
          "Surname": "Storvik",
          "Title": "Mr.",
          "Username": "Necam1976",
          "ZipCode": "5239"
        }, {
          "_id": "09072559583",
          "Country": "NO",
          "EmailAddress": "MartinaStavland@rhyta.com",
          "Gender": "female",
          "GivenName": "Martina",
          "MiddleInitial": "S",
          "Number": "32",
          "SSN": "09072559583",
          "StreetAddress": "General Fleischers gate 20",
          "Surname": "Stavland",
          "Title": "Ms.",
          "Username": "Kedis1977",
          "ZipCode": "9405"
        }, {
          "_id": "11086031806",
          "Country": "NO",
          "EmailAddress": "NathalieTorp@cuvox.de",
          "Gender": "female",
          "GivenName": "Nathalie",
          "MiddleInitial": "S",
          "Number": "33",
          "SSN": "11086031806",
          "StreetAddress": "Svebakktunet 160",
          "Surname": "Torp",
          "Title": "Mrs.",
          "Username": "Abses1972",
          "ZipCode": "5533"
        }, {
          "_id": "23124483485",
          "Country": "NO",
          "EmailAddress": "MariZielinski@einrot.com",
          "Gender": "female",
          "GivenName": "Mari",
          "MiddleInitial": "J",
          "Number": "34",
          "SSN": "23124483485",
          "StreetAddress": "Blindvegen 239",
          "Surname": "Zielinski",
          "Title": "Ms.",
          "Username": "Beent1973",
          "ZipCode": "2213"
        }, {
          "_id": "15092691352",
          "Country": "NO",
          "EmailAddress": "AdrianRasmussen@jourrapide.com",
          "Gender": "male",
          "GivenName": "Adrian",
          "MiddleInitial": "V",
          "Number": "35",
          "SSN": "15092691352",
          "StreetAddress": "Sigurd Solheims veg 151",
          "Surname": "Rasmussen",
          "Title": "Mr.",
          "Username": "Litine",
          "ZipCode": "2815"
        }, {
          "_id": "26115324140",
          "Country": "NO",
          "EmailAddress": "MathiasDahl@superrito.com",
          "Gender": "male",
          "GivenName": "Mathias",
          "MiddleInitial": "M",
          "Number": "36",
          "SSN": "26115324140",
          "StreetAddress": "Rødhettevegen 244",
          "Surname": "Dahl",
          "Title": "Mr.",
          "Username": "Atten1961",
          "ZipCode": "2212"
        }, {
          "_id": "14052951189",
          "Country": "NO",
          "EmailAddress": "AmalieKristiansen@einrot.com",
          "Gender": "female",
          "GivenName": "Amalie",
          "MiddleInitial": "S",
          "Number": "37",
          "SSN": "14052951189",
          "StreetAddress": "Holme 182",
          "Surname": "Kristiansen",
          "Title": "Dr.",
          "Username": "Graccer1988",
          "ZipCode": "1675"
        }, {
          "_id": "13033142893",
          "Country": "NO",
          "EmailAddress": "SaraTveiten@armyspy.com",
          "Gender": "female",
          "GivenName": "Sara",
          "MiddleInitial": "S",
          "Number": "38",
          "SSN": "13033142893",
          "StreetAddress": "A. Buddes vei 169",
          "Surname": "Tveiten",
          "Title": "Mrs.",
          "Username": "Contings",
          "ZipCode": "4011"
        }, {
          "_id": "18012711533",
          "Country": "NO",
          "EmailAddress": "KristineLkas@jourrapide.com",
          "Gender": "female",
          "GivenName": "Kristine",
          "MiddleInitial": "L",
          "Number": "39",
          "SSN": "18012711533",
          "StreetAddress": "Tyttebærstien 153",
          "Surname": "Løkås",
          "Title": "Ms.",
          "Username": "Forcind",
          "ZipCode": "9403"
        }, {
          "_id": "16026928290",
          "Country": "NO",
          "EmailAddress": "EmmaAas@rhyta.com",
          "Gender": "female",
          "GivenName": "Emma",
          "MiddleInitial": "S",
          "Number": "40",
          "SSN": "16026928290",
          "StreetAddress": "Skranelia 113",
          "Surname": "Aas",
          "Title": "Ms.",
          "Username": "Pabis1977",
          "ZipCode": "5252"
        }, {
          "_id": "03105464544",
          "Country": "NO",
          "EmailAddress": "MikaelSivertsen@fleckens.hu",
          "Gender": "male",
          "GivenName": "Mikael",
          "MiddleInitial": "S",
          "Number": "41",
          "SSN": "03105464544",
          "StreetAddress": "Lerdalsveien 231",
          "Surname": "Sivertsen",
          "Title": "Mr.",
          "Username": "Corties",
          "ZipCode": "1263"
        }, {
          "_id": "06106469714",
          "Country": "NO",
          "EmailAddress": "MadelenNordby@superrito.com",
          "Gender": "female",
          "GivenName": "Madelen",
          "MiddleInitial": "M",
          "Number": "42",
          "SSN": "06106469714",
          "StreetAddress": "Lønnestien 155",
          "Surname": "Nordby",
          "Title": "Dr.",
          "Username": "Divive",
          "ZipCode": "1344"
        }, {
          "_id": "27124926984",
          "Country": "NO",
          "EmailAddress": "MelineHansen@superrito.com",
          "Gender": "female",
          "GivenName": "Meline",
          "MiddleInitial": "E",
          "Number": "43",
          "SSN": "27124926984",
          "StreetAddress": "Lyngveien 81",
          "Surname": "Hansen",
          "Title": "Mrs.",
          "Username": "Himeduced",
          "ZipCode": "8004"
        }, {
          "_id": "12113939086",
          "Country": "NO",
          "EmailAddress": "MariPaulsen@rhyta.com",
          "Gender": "female",
          "GivenName": "Mari",
          "MiddleInitial": "I",
          "Number": "44",
          "SSN": "12113939086",
          "StreetAddress": "Hunstadringen 221",
          "Surname": "Paulsen",
          "Title": "Mrs.",
          "Username": "Eved1950",
          "ZipCode": "8023"
        }, {
          "_id": "07065859618",
          "Country": "NO",
          "EmailAddress": "SiljaHavik@einrot.com",
          "Gender": "female",
          "GivenName": "Silja",
          "MiddleInitial": "J",
          "Number": "45",
          "SSN": "07065859618",
          "StreetAddress": "Lakåsene 135",
          "Surname": "Håvik",
          "Title": "Mrs.",
          "Username": "Crimeturs",
          "ZipCode": "3739"
        }, {
          "_id": "25055031848",
          "Country": "NO",
          "EmailAddress": "PernilleHellem@armyspy.com",
          "Gender": "female",
          "GivenName": "Pernille",
          "MiddleInitial": "S",
          "Number": "46",
          "SSN": "25055031848",
          "StreetAddress": "Granveien 36",
          "Surname": "Hellem",
          "Title": "Ms.",
          "Username": "Hustack",
          "ZipCode": "1831"
        }, {
          "_id": "23126740650",
          "Country": "NO",
          "EmailAddress": "KevinEriksen@fleckens.hu",
          "Gender": "male",
          "GivenName": "Kevin",
          "MiddleInitial": "M",
          "Number": "47",
          "SSN": "23126740650",
          "StreetAddress": "Jonas Lies gate 185",
          "Surname": "Eriksen",
          "Title": "Mr.",
          "Username": "Theramer",
          "ZipCode": "8657"
        }, {
          "_id": "15096612320",
          "Country": "NO",
          "EmailAddress": "JakobLundh@superrito.com",
          "Gender": "male",
          "GivenName": "Jakob",
          "MiddleInitial": "I",
          "Number": "48",
          "SSN": "15096612320",
          "StreetAddress": "Sophus Lies gate 151",
          "Surname": "Lundh",
          "Title": "Dr.",
          "Username": "Apphimarly1985",
          "ZipCode": "0264"
        }, {
          "_id": "02013867955",
          "Country": "NO",
          "EmailAddress": "ElineHaugen@gustr.com",
          "Gender": "female",
          "GivenName": "Eline",
          "MiddleInitial": "E",
          "Number": "49",
          "SSN": "02013867955",
          "StreetAddress": "Magnus gate 194",
          "Surname": "Haugen",
          "Title": "Mrs.",
          "Username": "Kion1948",
          "ZipCode": "2004"
        }, {
          "_id": "24032920161",
          "Country": "NO",
          "EmailAddress": "UnaBoge@fleckens.hu",
          "Gender": "female",
          "GivenName": "Una",
          "MiddleInitial": "M",
          "Number": "50",
          "SSN": "24032920161",
          "StreetAddress": "Klubbgata 68",
          "Surname": "Boge",
          "Title": "Ms.",
          "Username": "Cothed",
          "ZipCode": "4013"
        }, {
          "_id": "13103514260",
          "Country": "NO",
          "EmailAddress": "OskarBirkeland@gustr.com",
          "Gender": "male",
          "GivenName": "Oskar",
          "MiddleInitial": "M",
          "Number": "51",
          "SSN": "13103514260",
          "StreetAddress": "Skogsøysund 184",
          "Surname": "Birkeland",
          "Title": "Mr.",
          "Username": "Athey1978",
          "ZipCode": "4516"
        }, {
          "_id": "14093771024",
          "Country": "NO",
          "EmailAddress": "InaJohansen@rhyta.com",
          "Gender": "female",
          "GivenName": "Ina",
          "MiddleInitial": "V",
          "Number": "52",
          "SSN": "14093771024",
          "StreetAddress": "Gydas vei 145",
          "Surname": "Johansen",
          "Title": "Ms.",
          "Username": "Afted1940",
          "ZipCode": "4311"
        }, {
          "_id": "19105179412",
          "Country": "NO",
          "EmailAddress": "EskilKristiansen@armyspy.com",
          "Gender": "male",
          "GivenName": "Eskil",
          "MiddleInitial": "M",
          "Number": "53",
          "SSN": "19105179412",
          "StreetAddress": "Huldreveien 215",
          "Surname": "Kristiansen",
          "Title": "Mr.",
          "Username": "Sarehely",
          "ZipCode": "3042"
        }, {
          "_id": "26105058579",
          "Country": "NO",
          "EmailAddress": "OdaJohansen@rhyta.com",
          "Gender": "female",
          "GivenName": "Oda",
          "MiddleInitial": "E",
          "Number": "54",
          "SSN": "26105058579",
          "StreetAddress": "Øvre Dalgate 28",
          "Surname": "Johansen",
          "Title": "Ms.",
          "Username": "Obesson",
          "ZipCode": "4013"
        }, {
          "_id": "08106492952",
          "Country": "NO",
          "EmailAddress": "EmilieHaland@superrito.com",
          "Gender": "female",
          "GivenName": "Emilie",
          "MiddleInitial": "O",
          "Number": "55",
          "SSN": "08106492952",
          "StreetAddress": "Sletteneset 145",
          "Surname": "Håland",
          "Title": "Mrs.",
          "Username": "Yoult1981",
          "ZipCode": "5258"
        }, {
          "_id": "16032528519",
          "Country": "NO",
          "EmailAddress": "JohanPettersen@jourrapide.com",
          "Gender": "male",
          "GivenName": "Johan",
          "MiddleInitial": "O",
          "Number": "56",
          "SSN": "16032528519",
          "StreetAddress": "Dronning Gydas gate 204",
          "Surname": "Pettersen",
          "Title": "Mr.",
          "Username": "Linne1947",
          "ZipCode": "5523"
        }, {
          "_id": "03066348300",
          "Country": "NO",
          "EmailAddress": "LeoRasmussen@fleckens.hu",
          "Gender": "male",
          "GivenName": "Leo",
          "MiddleInitial": "H",
          "Number": "57",
          "SSN": "03066348300",
          "StreetAddress": "Snorres vei 17",
          "Surname": "Rasmussen",
          "Title": "Mr.",
          "Username": "Dien1956",
          "ZipCode": "1473"
        }, {
          "_id": "22066584479",
          "Country": "NO",
          "EmailAddress": "ErikRnningen@gustr.com",
          "Gender": "male",
          "GivenName": "Erik",
          "MiddleInitial": "K",
          "Number": "58",
          "SSN": "22066584479",
          "StreetAddress": "Drafnkollen 77",
          "Surname": "Rønningen",
          "Title": "Mr.",
          "Username": "Malloffe",
          "ZipCode": "3042"
        }, {
          "_id": "25066444069",
          "Country": "NO",
          "EmailAddress": "IdaSchjlberg@gustr.com",
          "Gender": "female",
          "GivenName": "Ida",
          "MiddleInitial": "C",
          "Number": "59",
          "SSN": "25066444069",
          "StreetAddress": "Veggbakken 164",
          "Surname": "Schjølberg",
          "Title": "Mrs.",
          "Username": "Pecassoo",
          "ZipCode": "3183"
        }, {
          "_id": "26105832830",
          "Country": "NO",
          "EmailAddress": "JesperDale@cuvox.de",
          "Gender": "male",
          "GivenName": "Jesper",
          "MiddleInitial": "N",
          "Number": "60",
          "SSN": "26105832830",
          "StreetAddress": "Frenvik 10",
          "Surname": "Dale",
          "Title": "Mr.",
          "Username": "Thaton",
          "ZipCode": "3261"
        }, {
          "_id": "27087097414",
          "Country": "NO",
          "EmailAddress": "MajaSteinsland@gustr.com",
          "Gender": "female",
          "GivenName": "Maja",
          "MiddleInitial": "J",
          "Number": "61",
          "SSN": "27087097414",
          "StreetAddress": "Nerstranda 54",
          "Surname": "Steinsland",
          "Title": "Ms.",
          "Username": "Roas1976",
          "ZipCode": "9008"
        }, {
          "_id": "26075485402",
          "Country": "NO",
          "EmailAddress": "TobiasSommervold@gustr.com",
          "Gender": "male",
          "GivenName": "Tobias",
          "MiddleInitial": "S",
          "Number": "62",
          "SSN": "26075485402",
          "StreetAddress": "Justvikbakken 202",
          "Surname": "Sommervold",
          "Title": "Mr.",
          "Username": "Beased",
          "ZipCode": "4634"
        }, {
          "_id": "13054543716",
          "Country": "NO",
          "EmailAddress": "TheaMathisen@jourrapide.com",
          "Gender": "female",
          "GivenName": "Thea",
          "MiddleInitial": "A",
          "Number": "63",
          "SSN": "13054543716",
          "StreetAddress": "Odins veg 147",
          "Surname": "Mathisen",
          "Title": "Mrs.",
          "Username": "Andell",
          "ZipCode": "2409"
        }, {
          "_id": "24035233367",
          "Country": "NO",
          "EmailAddress": "FredrikBrathen@gustr.com",
          "Gender": "male",
          "GivenName": "Fredrik",
          "MiddleInitial": "R",
          "Number": "64",
          "SSN": "24035233367",
          "StreetAddress": "Grindkvalveien 77",
          "Surname": "Bråthen",
          "Title": "Mr.",
          "Username": "Obtlyn",
          "ZipCode": "4085"
        }, {
          "_id": "14022952568",
          "Country": "NO",
          "EmailAddress": "EmilieBirkeland@fleckens.hu",
          "Gender": "female",
          "GivenName": "Emilie",
          "MiddleInitial": "S",
          "Number": "65",
          "SSN": "14022952568",
          "StreetAddress": "Lindøy 6",
          "Surname": "Birkeland",
          "Title": "Ms.",
          "Username": "Frally",
          "ZipCode": "4013"
        }, {
          "_id": "28017084366",
          "Country": "NO",
          "EmailAddress": "HelenaFuglestad@armyspy.com",
          "Gender": "female",
          "GivenName": "Helena",
          "MiddleInitial": "A",
          "Number": "66",
          "SSN": "28017084366",
          "StreetAddress": "Maria terrasse 172",
          "Surname": "Fuglestad",
          "Title": "Mrs.",
          "Username": "Sever1937",
          "ZipCode": "1339"
        }, {
          "_id": "10075146547",
          "Country": "NO",
          "EmailAddress": "MariaBerg@superrito.com",
          "Gender": "female",
          "GivenName": "Maria",
          "MiddleInitial": "S",
          "Number": "67",
          "SSN": "10075146547",
          "StreetAddress": "Bråtaveien 192",
          "Surname": "Berg",
          "Title": "Mrs.",
          "Username": "Solow1962",
          "ZipCode": "1472"
        }, {
          "_id": "02046824410",
          "Country": "NO",
          "EmailAddress": "YaraMller@rhyta.com",
          "Gender": "female",
          "GivenName": "Yara",
          "MiddleInitial": "T",
          "Number": "68",
          "SSN": "02046824410",
          "StreetAddress": "Julius Middelthuns vei 69",
          "Surname": "Møller",
          "Title": "Mrs.",
          "Username": "Hasurseen",
          "ZipCode": "3610"
        }, {
          "_id": "06015381268",
          "Country": "NO",
          "EmailAddress": "LotteMelhus@dayrep.com",
          "Gender": "female",
          "GivenName": "Lotte",
          "MiddleInitial": "O",
          "Number": "69",
          "SSN": "06015381268",
          "StreetAddress": "Kværnerveien 98",
          "Surname": "Melhus",
          "Title": "Mrs.",
          "Username": "Decture1968",
          "ZipCode": "1400"
        }, {
          "_id": "17046573791",
          "Country": "NO",
          "EmailAddress": "EliseNornes@cuvox.de",
          "Gender": "female",
          "GivenName": "Elise",
          "MiddleInitial": "J",
          "Number": "70",
          "SSN": "17046573791",
          "StreetAddress": "Løkka Bru 53",
          "Surname": "Nornes",
          "Title": "Mrs.",
          "Username": "Lingovensids",
          "ZipCode": "3614"
        }, {
          "_id": "27113155242",
          "Country": "NO",
          "EmailAddress": "AgnesHaugo@dayrep.com",
          "Gender": "female",
          "GivenName": "Agnes",
          "MiddleInitial": "O",
          "Number": "71",
          "SSN": "27113155242",
          "StreetAddress": "Drengeveien 228",
          "Surname": "Haugo",
          "Title": "Ms.",
          "Username": "Poseetunres",
          "ZipCode": "4306"
        }, {
          "_id": "17114673499",
          "Country": "NO",
          "EmailAddress": "EmilEikeland@armyspy.com",
          "Gender": "male",
          "GivenName": "Emil",
          "MiddleInitial": "T",
          "Number": "72",
          "SSN": "17114673499",
          "StreetAddress": "Vibeveien 196",
          "Surname": "Eikeland",
          "Title": "Mr.",
          "Username": "Wavers",
          "ZipCode": "3209"
        }, {
          "_id": "05064951171",
          "Country": "NO",
          "EmailAddress": "RuneWold@armyspy.com",
          "Gender": "male",
          "GivenName": "Rune",
          "MiddleInitial": "E",
          "Number": "73",
          "SSN": "05064951171",
          "StreetAddress": "Norderhovsgata 63",
          "Surname": "Wold",
          "Title": "Mr.",
          "Username": "Weralause",
          "ZipCode": "3510"
        }, {
          "_id": "14032547069",
          "Country": "NO",
          "EmailAddress": "WilliamFauske@jourrapide.com",
          "Gender": "male",
          "GivenName": "William",
          "MiddleInitial": "H",
          "Number": "74",
          "SSN": "14032547069",
          "StreetAddress": "Bøkleva 141",
          "Surname": "Fauske",
          "Title": "Mr.",
          "Username": "Shemas",
          "ZipCode": "1766"
        }, {
          "_id": "09112196657",
          "Country": "NO",
          "EmailAddress": "SebastianHansen@cuvox.de",
          "Gender": "male",
          "GivenName": "Sebastian",
          "MiddleInitial": "M",
          "Number": "75",
          "SSN": "09112196657",
          "StreetAddress": "Hesjejordet 73",
          "Surname": "Hansen",
          "Title": "Mr.",
          "Username": "Mationdeed",
          "ZipCode": "1385"
        }, {
          "_id": "10115759610",
          "Country": "NO",
          "EmailAddress": "SimenSolli@jourrapide.com",
          "Gender": "male",
          "GivenName": "Simen",
          "MiddleInitial": "M",
          "Number": "76",
          "SSN": "10115759610",
          "StreetAddress": "Lindemans gate 154",
          "Surname": "Solli",
          "Title": "Mr.",
          "Username": "Entse1938",
          "ZipCode": "0267"
        }, {
          "_id": "01065237389",
          "Country": "NO",
          "EmailAddress": "SivertAsp@dayrep.com",
          "Gender": "male",
          "GivenName": "Sivert",
          "MiddleInitial": "N",
          "Number": "77",
          "SSN": "01065237389",
          "StreetAddress": "Eventyrvegen 44",
          "Surname": "Asp",
          "Title": "Mr.",
          "Username": "Altond",
          "ZipCode": "2815"
        }, {
          "_id": "21044240591",
          "Country": "NO",
          "EmailAddress": "RubenOlsen@cuvox.de",
          "Gender": "male",
          "GivenName": "Ruben",
          "MiddleInitial": "I",
          "Number": "78",
          "SSN": "21044240591",
          "StreetAddress": "Gunnerus gate 189",
          "Surname": "Olsen",
          "Title": "Mr.",
          "Username": "Fisir1991",
          "ZipCode": "7012"
        }, {
          "_id": "24085726314",
          "Country": "NO",
          "EmailAddress": "MiaSaetra@einrot.com",
          "Gender": "female",
          "GivenName": "Mia",
          "MiddleInitial": "F",
          "Number": "79",
          "SSN": "24085726314",
          "StreetAddress": "Refsneskrona 176",
          "Surname": "Sætra",
          "Title": "Ms.",
          "Username": "Hatilight",
          "ZipCode": "1519"
        }, {
          "_id": "16115430967",
          "Country": "NO",
          "EmailAddress": "JulieAndersen@superrito.com",
          "Gender": "female",
          "GivenName": "Julie",
          "MiddleInitial": "I",
          "Number": "80",
          "SSN": "16115430967",
          "StreetAddress": "Zetlitzveien 241",
          "Surname": "Andersen",
          "Title": "Ms.",
          "Username": "Glingraps",
          "ZipCode": "4017"
        }, {
          "_id": "22035964477",
          "Country": "NO",
          "EmailAddress": "CamillaWilhelmsen@dayrep.com",
          "Gender": "female",
          "GivenName": "Camilla",
          "MiddleInitial": "M",
          "Number": "81",
          "SSN": "22035964477",
          "StreetAddress": "Kong Trygves vei 32",
          "Surname": "Wilhelmsen",
          "Title": "Ms.",
          "Username": "Shenclace",
          "ZipCode": "3125"
        }, {
          "_id": "07114411799",
          "Country": "NO",
          "EmailAddress": "KasperAndersen@teleworm.us",
          "Gender": "male",
          "GivenName": "Kasper",
          "MiddleInitial": "H",
          "Number": "82",
          "SSN": "07114411799",
          "StreetAddress": "Drengs vei 115",
          "Surname": "Andersen",
          "Title": "Mr.",
          "Username": "Pend1942",
          "ZipCode": "1385"
        }, {
          "_id": "01115892565",
          "Country": "NO",
          "EmailAddress": "AnnaOlsen@rhyta.com",
          "Gender": "female",
          "GivenName": "Anna",
          "MiddleInitial": "F",
          "Number": "83",
          "SSN": "01115892565",
          "StreetAddress": "Myrullvegen 12",
          "Surname": "Olsen",
          "Title": "Ms.",
          "Username": "Froome",
          "ZipCode": "5518"
        }, {
          "_id": "20075945255",
          "Country": "NO",
          "EmailAddress": "OleFrde@gustr.com",
          "Gender": "male",
          "GivenName": "Ole",
          "MiddleInitial": "I",
          "Number": "84",
          "SSN": "20075945255",
          "StreetAddress": "Grindbakken 98",
          "Surname": "Førde",
          "Title": "Mr.",
          "Username": "Fortulds1974",
          "ZipCode": "0764"
        }, {
          "_id": "16052554966",
          "Country": "NO",
          "EmailAddress": "KasperOpdal@cuvox.de",
          "Gender": "male",
          "GivenName": "Kasper",
          "MiddleInitial": "M",
          "Number": "85",
          "SSN": "16052554966",
          "StreetAddress": "Olav Haugaasens gate 244",
          "Surname": "Opdal",
          "Title": "Mr.",
          "Username": "Forcesel",
          "ZipCode": "2316"
        }, {
          "_id": "18014936790",
          "Country": "NO",
          "EmailAddress": "LiveKarlsen@dayrep.com",
          "Gender": "female",
          "GivenName": "Live",
          "MiddleInitial": "D",
          "Number": "86",
          "SSN": "18014936790",
          "StreetAddress": "Myraskjenet 153",
          "Surname": "Karlsen",
          "Title": "Mrs.",
          "Username": "Therhatim",
          "ZipCode": "5174"
        }, {
          "_id": "07064156059",
          "Country": "NO",
          "EmailAddress": "KonradOmmundsen@fleckens.hu",
          "Gender": "male",
          "GivenName": "Konrad",
          "MiddleInitial": "A",
          "Number": "87",
          "SSN": "07064156059",
          "StreetAddress": "Lyngstien 177",
          "Surname": "Ommundsen",
          "Title": "Mr.",
          "Username": "Prought",
          "ZipCode": "6522"
        }, {
          "_id": "26062440083",
          "Country": "NO",
          "EmailAddress": "AuroraBjrkli@armyspy.com",
          "Gender": "female",
          "GivenName": "Aurora",
          "MiddleInitial": "E",
          "Number": "88",
          "SSN": "26062440083",
          "StreetAddress": "Tua 118",
          "Surname": "Bjørkli",
          "Title": "Mrs.",
          "Username": "Fordoon",
          "ZipCode": "6010"
        }, {
          "_id": "25115430058",
          "Country": "NO",
          "EmailAddress": "JulieAndersen@fleckens.hu",
          "Gender": "female",
          "GivenName": "Julie",
          "MiddleInitial": "W",
          "Number": "89",
          "SSN": "25115430058",
          "StreetAddress": "Hans Thiis Møllers gate 53",
          "Surname": "Andersen",
          "Title": "Ms.",
          "Username": "Hessium",
          "ZipCode": "6415"
        }, {
          "_id": "26026727498",
          "Country": "NO",
          "EmailAddress": "LucasLie@cuvox.de",
          "Gender": "male",
          "GivenName": "Lucas",
          "MiddleInitial": "T",
          "Number": "90",
          "SSN": "26026727498",
          "StreetAddress": "Fagerliveien 108",
          "Surname": "Lie",
          "Title": "Mr.",
          "Username": "Briver",
          "ZipCode": "1605"
        }, {
          "_id": "19125622937",
          "Country": "NO",
          "EmailAddress": "DavidBerntsen@superrito.com",
          "Gender": "male",
          "GivenName": "David",
          "MiddleInitial": "M",
          "Number": "91",
          "SSN": "19125622937",
          "StreetAddress": "Åsmostubben 19",
          "Surname": "Berntsen",
          "Title": "Mr.",
          "Username": "Thret1941",
          "ZipCode": "2052"
        }, {
          "_id": "01085188884",
          "Country": "NO",
          "EmailAddress": "EmilEie@superrito.com",
          "Gender": "male",
          "GivenName": "Emil",
          "MiddleInitial": "L",
          "Number": "92",
          "SSN": "01085188884",
          "StreetAddress": "Sørliveien 94",
          "Surname": "Eie",
          "Title": "Mr.",
          "Username": "Betation",
          "ZipCode": "1482"
        }, {
          "_id": "12032920177",
          "Country": "NO",
          "EmailAddress": "CaspianNygard@einrot.com",
          "Gender": "male",
          "GivenName": "Caspian",
          "MiddleInitial": "I",
          "Number": "93",
          "SSN": "12032920177",
          "StreetAddress": "Kongens gate 69",
          "Surname": "Nygård",
          "Title": "Mr.",
          "Username": "Aney1996",
          "ZipCode": "0153"
        }, {
          "_id": "17063184127",
          "Country": "NO",
          "EmailAddress": "KarolineNess@fleckens.hu",
          "Gender": "female",
          "GivenName": "Karoline",
          "MiddleInitial": "E",
          "Number": "94",
          "SSN": "17063184127",
          "StreetAddress": "Rognveien 13",
          "Surname": "Ness",
          "Title": "Ms.",
          "Username": "Shonswer",
          "ZipCode": "1470"
        }, {
          "_id": "09062573326",
          "Country": "NO",
          "EmailAddress": "KristinAakvik@jourrapide.com",
          "Gender": "female",
          "GivenName": "Kristin",
          "MiddleInitial": "K",
          "Number": "95",
          "SSN": "09062573326",
          "StreetAddress": "Stortuveien 206",
          "Surname": "Aakvik",
          "Title": "Ms.",
          "Username": "Scound1960",
          "ZipCode": "6511"
        }, {
          "_id": "12084134580",
          "Country": "NO",
          "EmailAddress": "HeleneEide@einrot.com",
          "Gender": "female",
          "GivenName": "Helene",
          "MiddleInitial": "K",
          "Number": "96",
          "SSN": "12084134580",
          "StreetAddress": "Lodin Lepps gate 131",
          "Surname": "Eide",
          "Title": "Mrs.",
          "Username": "Thishembled1947",
          "ZipCode": "5003"
        }, {
          "_id": "07106921805",
          "Country": "NO",
          "EmailAddress": "MajaSrli@rhyta.com",
          "Gender": "female",
          "GivenName": "Maja",
          "MiddleInitial": "B",
          "Number": "97",
          "SSN": "07106921805",
          "StreetAddress": "Plommedalsveien 65",
          "Surname": "Sørli",
          "Title": "Ms.",
          "Username": "Camem1953",
          "ZipCode": "1390"
        }, {
          "_id": "12072298359",
          "Country": "NO",
          "EmailAddress": "LotteHammer@armyspy.com",
          "Gender": "female",
          "GivenName": "Lotte",
          "MiddleInitial": "E",
          "Number": "98",
          "SSN": "12072298359",
          "StreetAddress": "Rødsbergstien 157",
          "Surname": "Hammer",
          "Title": "Ms.",
          "Username": "Shas1942",
          "ZipCode": "1771"
        }, {
          "_id": "27035223852",
          "Country": "NO",
          "EmailAddress": "SebastianSkjold@dayrep.com",
          "Gender": "male",
          "GivenName": "Sebastian",
          "MiddleInitial": "T",
          "Number": "99",
          "SSN": "27035223852",
          "StreetAddress": "Sommerfjøsvegen 143",
          "Surname": "Skjold",
          "Title": "Mr.",
          "Username": "Theimence",
          "ZipCode": "7089"
        }, {
          "_id": "02023688018",
          "Country": "NO",
          "EmailAddress": "IsakEikeland@teleworm.us",
          "Gender": "male",
          "GivenName": "Isak",
          "MiddleInitial": "E",
          "Number": "100",
          "SSN": "02023688018",
          "StreetAddress": "Nadderudåsen 186",
          "Surname": "Eikeland",
          "Title": "Mr.",
          "Username": "Mays1944",
          "ZipCode": "1357"
        }]
      },
      "production:": {
        "type": "csv",
        "system": "sesam-datasource-azure",
        "blacklist": ["Password"],
        "delimiter": ",",
        "encoding": "utf-8",
        "primary_key": "SSN",
        "url": "/file/sesam-training/data/test_people_sesam_training1.csv"
      },
      "test": {
        "type": "embedded",
        "entities": [{
          "_id": "23072451376",
          "Country": "NO",
          "EmailAddress": "TorjusSand@einrot.com",
          "Gender": "male",
          "GivenName": "Torjus",
          "MiddleInitial": "M",
          "Number": "1",
          "SSN": "23072451376",
          "StreetAddress": "Helmers vei 242",
          "Surname": "Sand",
          "Title": "Mr.",
          "Username": "Unjudosely",
          "ZipCode": "5163"
        }, {
          "_id": "09046987892",
          "Country": "NO",
          "EmailAddress": "LarsEvjen@rhyta.com",
          "Gender": "male",
          "GivenName": "Lars",
          "MiddleInitial": "A",
          "Number": "2",
          "SSN": "09046987892",
          "StreetAddress": "Frognerveien 60",
          "Surname": "Evjen",
          "Title": "Mr.",
          "Username": "Wimen1979",
          "ZipCode": "3121"
        }, {
          "_id": "07033589977",
          "Country": "NO",
          "EmailAddress": "DennisOlsen@dayrep.com",
          "Gender": "male",
          "GivenName": "Dennis",
          "MiddleInitial": "L",
          "Number": "3",
          "SSN": "07033589977",
          "StreetAddress": "Gydas gate 227",
          "Surname": "Olsen",
          "Title": "Mr.",
          "Username": "Gotin1984",
          "ZipCode": "3732"
        }, {
          "_id": "02023688018",
          "Country": "NO",
          "EmailAddress": "IsakEikeland@teleworm.us",
          "Gender": "male",
          "GivenName": "Isak",
          "MiddleInitial": "E",
          "Number": "100",
          "SSN": "02023688018",
          "StreetAddress": "Nadderudåsen 186",
          "Surname": "Eikeland",
          "Title": "Mr.",
          "Username": "Mays1944",
          "ZipCode": "1357"
        }, {
          "_id": "27035223852",
          "Country": "NO",
          "EmailAddress": "SebastianSkjold@dayrep.com",
          "Gender": "male",
          "GivenName": "Sebastian",
          "MiddleInitial": "T",
          "Number": "99",
          "SSN": "27035223852",
          "StreetAddress": "Sommerfjøsvegen 143",
          "Surname": "Skjold",
          "Title": "Mr.",
          "Username": "Theimence",
          "ZipCode": "7089"
        }, {
          "_id": "12032920177",
          "Country": "NO",
          "EmailAddress": "CaspianNygard@einrot.com",
          "Gender": "male",
          "GivenName": "Caspian",
          "MiddleInitial": "I",
          "Number": "93",
          "SSN": "12032920177",
          "StreetAddress": "Kongens gate 69",
          "Surname": "Nygård",
          "Title": "Mr.",
          "Username": "Aney1996",
          "ZipCode": "0153"
        }, {
          "_id": "19125622937",
          "Country": "NO",
          "EmailAddress": "DavidBerntsen@superrito.com",
          "Gender": "male",
          "GivenName": "David",
          "MiddleInitial": "M",
          "Number": "91",
          "SSN": "19125622937",
          "StreetAddress": "Åsmostubben 19",
          "Surname": "Berntsen",
          "Title": "Mr.",
          "Username": "Thret1941",
          "ZipCode": "2052"
        }, {
          "_id": "26026727498",
          "Country": "NO",
          "EmailAddress": "LucasLie@cuvox.de",
          "Gender": "male",
          "GivenName": "Lucas",
          "MiddleInitial": "T",
          "Number": "90",
          "SSN": "26026727498",
          "StreetAddress": "Fagerliveien 108",
          "Surname": "Lie",
          "Title": "Mr.",
          "Username": "Briver",
          "ZipCode": "1605"
        }, {
          "_id": "05064951171",
          "Country": "NO",
          "EmailAddress": "RuneWold@armyspy.com",
          "Gender": "male",
          "GivenName": "Rune",
          "MiddleInitial": "E",
          "Number": "73",
          "SSN": "05064951171",
          "StreetAddress": "Norderhovsgata 63",
          "Surname": "Wold",
          "Title": "Mr.",
          "Username": "Weralause",
          "ZipCode": "3510"
        }, {
          "_id": "14032547069",
          "Country": "NO",
          "EmailAddress": "WilliamFauske@jourrapide.com",
          "Gender": "male",
          "GivenName": "William",
          "MiddleInitial": "H",
          "Number": "74",
          "SSN": "14032547069",
          "StreetAddress": "Bøkleva 141",
          "Surname": "Fauske",
          "Title": "Mr.",
          "Username": "Shemas",
          "ZipCode": "1766"
        }]
      }
    },
    "condition": "$ENV(node-env)"
  },
  "transform": {
    "type": "dtl",
    "rules": {
      "default": [
        ["copy", "*"],
        ["add", "SSN-ni",
          ["list",
            ["ni", "crm-person", "_S.SSN"],
            ["ni", "firebase-person", "_S.SSN"]
          ]
        ],
        ["comment", "below will add  a namespaced identifier and 'rdf:type' for easy filtering later"],
        ["add", "rdf:type",
          ["ni", "azure", "person"]
        ]
      ]
    }
  },
  "pump": {
    "mode": "manual"
  },
  "metadata": {
    "tags": ["embedded", "person"]
  }
}
