{
  "_id": "consent-purpose",
  "type": "pipe",
  "source": {
    "type": "embedded",
    "entities": [{
      "_id": "1",
      "purpose-type": "email-marketing",
      "title": "email-marketing"
    }, {
      "_id": "2",
      "purpose-type": "phone-marketing",
      "title": "phone-marketing"
    }, {
      "_id": "3",
      "purpose-type": "coupon-marketing",
      "title": "coupon-marketing"
    }]
  },
  "transform": {
    "type": "dtl",
    "rules": {
      "default": [
        ["copy", "*"],
        ["comment", "below will add  a namespaced identifier and 'rdf:type' for easy filtering later"],
        ["add", "rdf:type",
          ["ni", "embedded", "consent-purpose"]
        ]
      ]
    }
  },
  "pump": {
    "cron_expression": "0 0 1 1 ?"
  },
  "metadata": {
    "tags": ["consent", "embedded"]
  }
}
