{
  "_id": "crm-person",
  "type": "pipe",
  "source": {
    "type": "conditional",
    "alternatives": {
      "embedded": {
        "type": "embedded",
        "entities": [{
          "_id": "1",
          "Address": "Helmers vei 242",
          "Customerid": "1",
          "EmailAddress": "TorjusSand@einrot.com",
          "FirstName": "Torjus",
          "Gender": "male",
          "LastName": "Sand",
          "MiddleInitial": "M",
          "PostalCode": "5163",
          "SSN": "23072451376",
          "Username": "Unjudosely"
        }, {
          "_id": "10",
          "Address": "Rømers gate 182",
          "Customerid": "10",
          "EmailAddress": "AleksanderOmmundsen@rhyta.com",
          "FirstName": "Aleksander",
          "Gender": "male",
          "LastName": "Ommundsen",
          "MiddleInitial": "M",
          "PostalCode": "7030",
          "SSN": "12052427741",
          "Username": "Grale1949"
        }, {
          "_id": "100",
          "Address": "Nadderudåsen 186",
          "Customerid": "100",
          "EmailAddress": "IsakEikeland@teleworm.us",
          "FirstName": "Isak",
          "Gender": "male",
          "LastName": "Eikeland",
          "MiddleInitial": "E",
          "PostalCode": "1357",
          "SSN": "02023688018",
          "Username": "Mays1944"
        }, {
          "_id": "11",
          "Address": "Flaenveien 249",
          "Customerid": "11",
          "EmailAddress": "SaraGustavsen@einrot.com",
          "FirstName": "Sara",
          "Gender": "female",
          "LastName": "Gustavsen",
          "MiddleInitial": "B",
          "PostalCode": "0953",
          "SSN": "19114455850",
          "Username": "Suspe1950"
        }, {
          "_id": "12",
          "Address": "Søderlundmyra 26",
          "Customerid": "12",
          "EmailAddress": "CorneliaOlsen@einrot.com",
          "FirstName": "Cornelia",
          "Gender": "female",
          "LastName": "Olsen",
          "MiddleInitial": "P",
          "PostalCode": "8622",
          "SSN": "24057062155",
          "Username": "Beeloo"
        }, {
          "_id": "13",
          "Address": "Olav Trygvasons gate 83",
          "Customerid": "13",
          "EmailAddress": "KatinkaStrand@fleckens.hu",
          "FirstName": "Katinka",
          "Gender": "female",
          "LastName": "Strand",
          "MiddleInitial": "B",
          "PostalCode": "3046",
          "SSN": "03102446917",
          "Username": "Nork1962"
        }, {
          "_id": "14",
          "Address": "Borchgrevinks veg 118",
          "Customerid": "14",
          "EmailAddress": "LauritsBerg@dayrep.com",
          "FirstName": "Laurits",
          "Gender": "male",
          "LastName": "Berg",
          "MiddleInitial": "E",
          "PostalCode": "7020",
          "SSN": "28044435335",
          "Username": "Aphervin"
        }, {
          "_id": "15",
          "Address": "Øvre Kolstien 213",
          "Customerid": "15",
          "EmailAddress": "EliasThomassen@einrot.com",
          "FirstName": "Elias",
          "Gender": "male",
          "LastName": "Thomassen",
          "MiddleInitial": "M",
          "PostalCode": "5097",
          "SSN": "18112483943",
          "Username": "Chases"
        }, {
          "_id": "16",
          "Address": "Porfyrveien 225",
          "Customerid": "16",
          "EmailAddress": "TuvaTeigen@jourrapide.com",
          "FirstName": "Tuva",
          "Gender": "female",
          "LastName": "Teigen",
          "MiddleInitial": "K",
          "PostalCode": "3140",
          "SSN": "23082347736",
          "Username": "Loure1995"
        }, {
          "_id": "17",
          "Address": "Odins vei 248",
          "Customerid": "17",
          "EmailAddress": "AmalieJakobsen@einrot.com",
          "FirstName": "Amalie",
          "Gender": "female",
          "LastName": "Jakobsen",
          "MiddleInitial": "M",
          "PostalCode": "1746",
          "SSN": "01022985821",
          "Username": "Cupped"
        }, {
          "_id": "18",
          "Address": "Nattlandsåsen 14",
          "Customerid": "18",
          "EmailAddress": "HannahBorgen@superrito.com",
          "FirstName": "Hannah",
          "Gender": "female",
          "LastName": "Borgen",
          "MiddleInitial": "L",
          "PostalCode": "5231",
          "SSN": "25066427258",
          "Username": "Thernand36"
        }, {
          "_id": "19",
          "Address": "Bjørndalstjørnet 78",
          "Customerid": "19",
          "EmailAddress": "LucasTjstheim@dayrep.com",
          "FirstName": "Lucas",
          "Gender": "male",
          "LastName": "Tjøstheim",
          "MiddleInitial": "H",
          "PostalCode": "5171",
          "SSN": "26083795297",
          "Username": "Rainkinste"
        }, {
          "_id": "2",
          "Address": "Frognerveien 60",
          "Customerid": "2",
          "EmailAddress": "LarsEvjen@rhyta.com",
          "FirstName": "Lars",
          "Gender": "male",
          "LastName": "Evjen",
          "MiddleInitial": "A",
          "PostalCode": "3121",
          "SSN": "09046987892",
          "Username": "Wimen1979"
        }, {
          "_id": "20",
          "Address": "Lønneveien 196",
          "Customerid": "20",
          "EmailAddress": "CelineSveen@superrito.com",
          "FirstName": "Celine",
          "Gender": "female",
          "LastName": "Sveen",
          "MiddleInitial": "S",
          "PostalCode": "2020",
          "SSN": "20094723254",
          "Username": "Ithis1942"
        }, {
          "_id": "21",
          "Address": "Blåskjellveien 27",
          "Customerid": "21",
          "EmailAddress": "CorneliusAndersen@einrot.com",
          "FirstName": "Cornelius",
          "Gender": "male",
          "LastName": "Andersen",
          "MiddleInitial": "T",
          "PostalCode": "9515",
          "SSN": "08093925620",
          "Username": "Fradenurry"
        }, {
          "_id": "22",
          "Address": "Kveldrovegen 87",
          "Customerid": "22",
          "EmailAddress": "SiljeHolmen@superrito.com",
          "FirstName": "Silje",
          "Gender": "female",
          "LastName": "Holmen",
          "MiddleInitial": "V",
          "PostalCode": "9407",
          "SSN": "06064952809",
          "Username": "Weent1976"
        }, {
          "_id": "23",
          "Address": "Heggvegen 37",
          "Customerid": "23",
          "EmailAddress": "EmilieDrange@dayrep.com",
          "FirstName": "Emilie",
          "Gender": "female",
          "LastName": "Drange",
          "MiddleInitial": "E",
          "PostalCode": "8657",
          "SSN": "13052612148",
          "Username": "Anglover"
        }, {
          "_id": "24",
          "Address": "Sjømannsveien 79",
          "Customerid": "24",
          "EmailAddress": "MathildeAndersen@cuvox.de",
          "FirstName": "Mathilde",
          "Gender": "female",
          "LastName": "Andersen",
          "MiddleInitial": "N",
          "PostalCode": "7040",
          "SSN": "23114265220",
          "Username": "Torgent"
        }, {
          "_id": "25",
          "Address": "Mergelveien 243",
          "Customerid": "25",
          "EmailAddress": "TheoHaugen@gustr.com",
          "FirstName": "Theo",
          "Gender": "male",
          "LastName": "Haugen",
          "MiddleInitial": "O",
          "PostalCode": "3258",
          "SSN": "03036816460",
          "Username": "Persay"
        }, {
          "_id": "26",
          "Address": "Gustav Jensens gate 128",
          "Customerid": "26",
          "EmailAddress": "JohannesBratli@einrot.com",
          "FirstName": "Johannes",
          "Gender": "male",
          "LastName": "Bratli",
          "MiddleInitial": "I",
          "PostalCode": "0461",
          "SSN": "28106260384",
          "Username": "Speargons"
        }, {
          "_id": "27",
          "Address": "Liastien 116",
          "Customerid": "27",
          "EmailAddress": "MarkusAndersen@jourrapide.com",
          "FirstName": "Markus",
          "Gender": "male",
          "LastName": "Andersen",
          "MiddleInitial": "T",
          "PostalCode": "1621",
          "SSN": "23012520975",
          "Username": "Shiceat"
        }, {
          "_id": "28",
          "Address": "Frodegaten 47",
          "Customerid": "28",
          "EmailAddress": "AshildThoresen@rhyta.com",
          "FirstName": "Åshild",
          "Gender": "female",
          "LastName": "Thoresen",
          "MiddleInitial": "O",
          "PostalCode": "3111",
          "SSN": "03092241196",
          "Username": "Lored1934"
        }, {
          "_id": "29",
          "Address": "Kaigata 47",
          "Customerid": "29",
          "EmailAddress": "BenjaminLarsen@rhyta.com",
          "FirstName": "Benjamin",
          "Gender": "male",
          "LastName": "Larsen",
          "MiddleInitial": "S",
          "PostalCode": "9008",
          "SSN": "28013484741",
          "Username": "Peade1963"
        }, {
          "_id": "3",
          "Address": "Gydas gate 227",
          "Customerid": "3",
          "EmailAddress": "DennisOlsen@dayrep.com",
          "FirstName": "Dennis",
          "Gender": "male",
          "LastName": "Olsen",
          "MiddleInitial": "L",
          "PostalCode": "3732",
          "SSN": "07033589977",
          "Username": "Gotin1984"
        }, {
          "_id": "30",
          "Address": "Tiurvegen 116",
          "Customerid": "30",
          "EmailAddress": "PaulAhmed@gustr.com",
          "FirstName": "Paul",
          "Gender": "male",
          "LastName": "Ahmed",
          "MiddleInitial": "J",
          "PostalCode": "2411",
          "SSN": "10044647612",
          "Username": "Nottedits"
        }, {
          "_id": "31",
          "Address": "Storheia 75",
          "Customerid": "31",
          "EmailAddress": "SondreStorvik@einrot.com",
          "FirstName": "Sondre",
          "Gender": "male",
          "LastName": "Storvik",
          "MiddleInitial": "L",
          "PostalCode": "5239",
          "SSN": "27105614534",
          "Username": "Necam1976"
        }, {
          "_id": "32",
          "Address": "General Fleischers gate 20",
          "Customerid": "32",
          "EmailAddress": "MartinaStavland@rhyta.com",
          "FirstName": "Martina",
          "Gender": "female",
          "LastName": "Stavland",
          "MiddleInitial": "S",
          "PostalCode": "9405",
          "SSN": "09072559583",
          "Username": "Kedis1977"
        }, {
          "_id": "33",
          "Address": "Svebakktunet 160",
          "Customerid": "33",
          "EmailAddress": "NathalieTorp@cuvox.de",
          "FirstName": "Nathalie",
          "Gender": "female",
          "LastName": "Torp",
          "MiddleInitial": "S",
          "PostalCode": "5533",
          "SSN": "11086031806",
          "Username": "Abses1972"
        }, {
          "_id": "34",
          "Address": "Blindvegen 239",
          "Customerid": "34",
          "EmailAddress": "MariZielinski@einrot.com",
          "FirstName": "Mari",
          "Gender": "female",
          "LastName": "Zielinski",
          "MiddleInitial": "J",
          "PostalCode": "2213",
          "SSN": "23124483485",
          "Username": "Beent1973"
        }, {
          "_id": "35",
          "Address": "Sigurd Solheims veg 151",
          "Customerid": "35",
          "EmailAddress": "AdrianRasmussen@jourrapide.com",
          "FirstName": "Adrian",
          "Gender": "male",
          "LastName": "Rasmussen",
          "MiddleInitial": "V",
          "PostalCode": "2815",
          "SSN": "15092691352",
          "Username": "Litine"
        }, {
          "_id": "36",
          "Address": "Rødhettevegen 244",
          "Customerid": "36",
          "EmailAddress": "MathiasDahl@superrito.com",
          "FirstName": "Mathias",
          "Gender": "male",
          "LastName": "Dahl",
          "MiddleInitial": "M",
          "PostalCode": "2212",
          "SSN": "26115324140",
          "Username": "Atten1961"
        }, {
          "_id": "37",
          "Address": "Holme 182",
          "Customerid": "37",
          "EmailAddress": "AmalieKristiansen@einrot.com",
          "FirstName": "Amalie",
          "Gender": "female",
          "LastName": "Kristiansen",
          "MiddleInitial": "S",
          "PostalCode": "1675",
          "SSN": "14052951189",
          "Username": "Graccer1988"
        }, {
          "_id": "38",
          "Address": "A. Buddes vei 169",
          "Customerid": "38",
          "EmailAddress": "SaraTveiten@armyspy.com",
          "FirstName": "Sara",
          "Gender": "female",
          "LastName": "Tveiten",
          "MiddleInitial": "S",
          "PostalCode": "4011",
          "SSN": "13033142893",
          "Username": "Contings"
        }, {
          "_id": "39",
          "Address": "Tyttebærstien 153",
          "Customerid": "39",
          "EmailAddress": "KristineLkas@jourrapide.com",
          "FirstName": "Kristine",
          "Gender": "female",
          "LastName": "Løkås",
          "MiddleInitial": "L",
          "PostalCode": "9403",
          "SSN": "18012711533",
          "Username": "Forcind"
        }, {
          "_id": "4",
          "Address": "Landeroveien 83",
          "Customerid": "4",
          "EmailAddress": "Emiliestby@teleworm.us",
          "FirstName": "Emilie",
          "Gender": "female",
          "LastName": "Østby",
          "MiddleInitial": "T",
          "PostalCode": "0672",
          "SSN": "14032975433",
          "Username": "Slin1956"
        }, {
          "_id": "40",
          "Address": "Skranelia 113",
          "Customerid": "40",
          "EmailAddress": "EmmaAas@rhyta.com",
          "FirstName": "Emma",
          "Gender": "female",
          "LastName": "Aas",
          "MiddleInitial": "S",
          "PostalCode": "5252",
          "SSN": "16026928290",
          "Username": "Pabis1977"
        }, {
          "_id": "41",
          "Address": "Lerdalsveien 231",
          "Customerid": "41",
          "EmailAddress": "MikaelSivertsen@fleckens.hu",
          "FirstName": "Mikael",
          "Gender": "male",
          "LastName": "Sivertsen",
          "MiddleInitial": "S",
          "PostalCode": "1263",
          "SSN": "03105464544",
          "Username": "Corties"
        }, {
          "_id": "42",
          "Address": "Lønnestien 155",
          "Customerid": "42",
          "EmailAddress": "MadelenNordby@superrito.com",
          "FirstName": "Madelen",
          "Gender": "female",
          "LastName": "Nordby",
          "MiddleInitial": "M",
          "PostalCode": "1344",
          "SSN": "06106469714",
          "Username": "Divive"
        }, {
          "_id": "43",
          "Address": "Lyngveien 81",
          "Customerid": "43",
          "EmailAddress": "MelineHansen@superrito.com",
          "FirstName": "Meline",
          "Gender": "female",
          "LastName": "Hansen",
          "MiddleInitial": "E",
          "PostalCode": "8004",
          "SSN": "27124926984",
          "Username": "Himeduced"
        }, {
          "_id": "44",
          "Address": "Hunstadringen 221",
          "Customerid": "44",
          "EmailAddress": "MariPaulsen@rhyta.com",
          "FirstName": "Mari",
          "Gender": "female",
          "LastName": "Paulsen",
          "MiddleInitial": "I",
          "PostalCode": "8023",
          "SSN": "12113939086",
          "Username": "Eved1950"
        }, {
          "_id": "45",
          "Address": "Lakåsene 135",
          "Customerid": "45",
          "EmailAddress": "SiljaHavik@einrot.com",
          "FirstName": "Silja",
          "Gender": "female",
          "LastName": "Håvik",
          "MiddleInitial": "J",
          "PostalCode": "3739",
          "SSN": "07065859618",
          "Username": "Crimeturs"
        }, {
          "_id": "46",
          "Address": "Granveien 36",
          "Customerid": "46",
          "EmailAddress": "PernilleHellem@armyspy.com",
          "FirstName": "Pernille",
          "Gender": "female",
          "LastName": "Hellem",
          "MiddleInitial": "S",
          "PostalCode": "1831",
          "SSN": "25055031848",
          "Username": "Hustack"
        }, {
          "_id": "47",
          "Address": "Jonas Lies gate 185",
          "Customerid": "47",
          "EmailAddress": "KevinEriksen@fleckens.hu",
          "FirstName": "Kevin",
          "Gender": "male",
          "LastName": "Eriksen",
          "MiddleInitial": "M",
          "PostalCode": "8657",
          "SSN": "23126740650",
          "Username": "Theramer"
        }, {
          "_id": "48",
          "Address": "Sophus Lies gate 151",
          "Customerid": "48",
          "EmailAddress": "JakobLundh@superrito.com",
          "FirstName": "Jakob",
          "Gender": "male",
          "LastName": "Lundh",
          "MiddleInitial": "I",
          "PostalCode": "0264",
          "SSN": "15096612320",
          "Username": "Apphimarly1985"
        }, {
          "_id": "49",
          "Address": "Magnus gate 194",
          "Customerid": "49",
          "EmailAddress": "ElineHaugen@gustr.com",
          "FirstName": "Eline",
          "Gender": "female",
          "LastName": "Haugen",
          "MiddleInitial": "E",
          "PostalCode": "2004",
          "SSN": "02013867955",
          "Username": "Kion1948"
        }, {
          "_id": "5",
          "Address": "Indre Løkkavei 3",
          "Customerid": "5",
          "EmailAddress": "JonasHaile@jourrapide.com",
          "FirstName": "Jonas",
          "Gender": "male",
          "LastName": "Haile",
          "MiddleInitial": "E",
          "PostalCode": "3515",
          "SSN": "20116430180",
          "Username": "Firejus"
        }, {
          "_id": "50",
          "Address": "Klubbgata 68",
          "Customerid": "50",
          "EmailAddress": "UnaBoge@fleckens.hu",
          "FirstName": "Una",
          "Gender": "female",
          "LastName": "Boge",
          "MiddleInitial": "M",
          "PostalCode": "4013",
          "SSN": "24032920161",
          "Username": "Cothed"
        }, {
          "_id": "51",
          "Address": "Skogsøysund 184",
          "Customerid": "51",
          "EmailAddress": "OskarBirkeland@gustr.com",
          "FirstName": "Oskar",
          "Gender": "male",
          "LastName": "Birkeland",
          "MiddleInitial": "M",
          "PostalCode": "4516",
          "SSN": "13103514260",
          "Username": "Athey1978"
        }, {
          "_id": "52",
          "Address": "Gydas vei 145",
          "Customerid": "52",
          "EmailAddress": "InaJohansen@rhyta.com",
          "FirstName": "Ina",
          "Gender": "female",
          "LastName": "Johansen",
          "MiddleInitial": "V",
          "PostalCode": "4311",
          "SSN": "14093771024",
          "Username": "Afted1940"
        }, {
          "_id": "53",
          "Address": "Huldreveien 215",
          "Customerid": "53",
          "EmailAddress": "EskilKristiansen@armyspy.com",
          "FirstName": "Eskil",
          "Gender": "male",
          "LastName": "Kristiansen",
          "MiddleInitial": "M",
          "PostalCode": "3042",
          "SSN": "19105179412",
          "Username": "Sarehely"
        }, {
          "_id": "54",
          "Address": "Øvre Dalgate 28",
          "Customerid": "54",
          "EmailAddress": "OdaJohansen@rhyta.com",
          "FirstName": "Oda",
          "Gender": "female",
          "LastName": "Johansen",
          "MiddleInitial": "E",
          "PostalCode": "4013",
          "SSN": "26105058579",
          "Username": "Obesson"
        }, {
          "_id": "55",
          "Address": "Sletteneset 145",
          "Customerid": "55",
          "EmailAddress": "EmilieHaland@superrito.com",
          "FirstName": "Emilie",
          "Gender": "female",
          "LastName": "Håland",
          "MiddleInitial": "O",
          "PostalCode": "5258",
          "SSN": "08106492952",
          "Username": "Yoult1981"
        }, {
          "_id": "56",
          "Address": "Dronning Gydas gate 204",
          "Customerid": "56",
          "EmailAddress": "JohanPettersen@jourrapide.com",
          "FirstName": "Johan",
          "Gender": "male",
          "LastName": "Pettersen",
          "MiddleInitial": "O",
          "PostalCode": "5523",
          "SSN": "16032528519",
          "Username": "Linne1947"
        }, {
          "_id": "57",
          "Address": "Snorres vei 17",
          "Customerid": "57",
          "EmailAddress": "LeoRasmussen@fleckens.hu",
          "FirstName": "Leo",
          "Gender": "male",
          "LastName": "Rasmussen",
          "MiddleInitial": "H",
          "PostalCode": "1473",
          "SSN": "03066348300",
          "Username": "Dien1956"
        }, {
          "_id": "58",
          "Address": "Drafnkollen 77",
          "Customerid": "58",
          "EmailAddress": "ErikRnningen@gustr.com",
          "FirstName": "Erik",
          "Gender": "male",
          "LastName": "Rønningen",
          "MiddleInitial": "K",
          "PostalCode": "3042",
          "SSN": "22066584479",
          "Username": "Malloffe"
        }, {
          "_id": "59",
          "Address": "Veggbakken 164",
          "Customerid": "59",
          "EmailAddress": "IdaSchjlberg@gustr.com",
          "FirstName": "Ida",
          "Gender": "female",
          "LastName": "Schjølberg",
          "MiddleInitial": "C",
          "PostalCode": "3183",
          "SSN": "25066444069",
          "Username": "Pecassoo"
        }, {
          "_id": "6",
          "Address": "Statsråd Kroghs veg 222",
          "Customerid": "6",
          "EmailAddress": "MartineJohansson@gustr.com",
          "FirstName": "Martine",
          "Gender": "female",
          "LastName": "Johansson",
          "MiddleInitial": "J",
          "PostalCode": "7021",
          "SSN": "03045865306",
          "Username": "Somper"
        }, {
          "_id": "60",
          "Address": "Frenvik 10",
          "Customerid": "60",
          "EmailAddress": "JesperDale@cuvox.de",
          "FirstName": "Jesper",
          "Gender": "male",
          "LastName": "Dale",
          "MiddleInitial": "N",
          "PostalCode": "3261",
          "SSN": "26105832830",
          "Username": "Thaton"
        }, {
          "_id": "61",
          "Address": "Nerstranda 54",
          "Customerid": "61",
          "EmailAddress": "MajaSteinsland@gustr.com",
          "FirstName": "Maja",
          "Gender": "female",
          "LastName": "Steinsland",
          "MiddleInitial": "J",
          "PostalCode": "9008",
          "SSN": "27087097414",
          "Username": "Roas1976"
        }, {
          "_id": "62",
          "Address": "Justvikbakken 202",
          "Customerid": "62",
          "EmailAddress": "TobiasSommervold@gustr.com",
          "FirstName": "Tobias",
          "Gender": "male",
          "LastName": "Sommervold",
          "MiddleInitial": "S",
          "PostalCode": "4634",
          "SSN": "26075485402",
          "Username": "Beased"
        }, {
          "_id": "63",
          "Address": "Odins veg 147",
          "Customerid": "63",
          "EmailAddress": "TheaMathisen@jourrapide.com",
          "FirstName": "Thea",
          "Gender": "female",
          "LastName": "Mathisen",
          "MiddleInitial": "A",
          "PostalCode": "2409",
          "SSN": "13054543716",
          "Username": "Andell"
        }, {
          "_id": "64",
          "Address": "Grindkvalveien 77",
          "Customerid": "64",
          "EmailAddress": "FredrikBrathen@gustr.com",
          "FirstName": "Fredrik",
          "Gender": "male",
          "LastName": "Bråthen",
          "MiddleInitial": "R",
          "PostalCode": "4085",
          "SSN": "24035233367",
          "Username": "Obtlyn"
        }, {
          "_id": "65",
          "Address": "Lindøy 6",
          "Customerid": "65",
          "EmailAddress": "EmilieBirkeland@fleckens.hu",
          "FirstName": "Emilie",
          "Gender": "female",
          "LastName": "Birkeland",
          "MiddleInitial": "S",
          "PostalCode": "4013",
          "SSN": "14022952568",
          "Username": "Frally"
        }, {
          "_id": "66",
          "Address": "Maria terrasse 172",
          "Customerid": "66",
          "EmailAddress": "HelenaFuglestad@armyspy.com",
          "FirstName": "Helena",
          "Gender": "female",
          "LastName": "Fuglestad",
          "MiddleInitial": "A",
          "PostalCode": "1339",
          "SSN": "28017084366",
          "Username": "Sever1937"
        }, {
          "_id": "67",
          "Address": "Bråtaveien 192",
          "Customerid": "67",
          "EmailAddress": "MariaBerg@superrito.com",
          "FirstName": "Maria",
          "Gender": "female",
          "LastName": "Berg",
          "MiddleInitial": "S",
          "PostalCode": "1472",
          "SSN": "10075146547",
          "Username": "Solow1962"
        }, {
          "_id": "68",
          "Address": "Julius Middelthuns vei 69",
          "Customerid": "68",
          "EmailAddress": "YaraMller@rhyta.com",
          "FirstName": "Yara",
          "Gender": "female",
          "LastName": "Møller",
          "MiddleInitial": "T",
          "PostalCode": "3610",
          "SSN": "02046824410",
          "Username": "Hasurseen"
        }, {
          "_id": "69",
          "Address": "Kværnerveien 98",
          "Customerid": "69",
          "EmailAddress": "LotteMelhus@dayrep.com",
          "FirstName": "Lotte",
          "Gender": "female",
          "LastName": "Melhus",
          "MiddleInitial": "O",
          "PostalCode": "1400",
          "SSN": "06015381268",
          "Username": "Decture1968"
        }, {
          "_id": "7",
          "Address": "H.A.Reinerts gate 159",
          "Customerid": "7",
          "EmailAddress": "DavidTnder@superrito.com",
          "FirstName": "David",
          "Gender": "male",
          "LastName": "Tønder",
          "MiddleInitial": "N",
          "PostalCode": "1524",
          "SSN": "12062922598",
          "Username": "Zably1991"
        }, {
          "_id": "70",
          "Address": "Løkka Bru 53",
          "Customerid": "70",
          "EmailAddress": "EliseNornes@cuvox.de",
          "FirstName": "Elise",
          "Gender": "female",
          "LastName": "Nornes",
          "MiddleInitial": "J",
          "PostalCode": "3614",
          "SSN": "17046573791",
          "Username": "Lingovensids"
        }, {
          "_id": "71",
          "Address": "Drengeveien 228",
          "Customerid": "71",
          "EmailAddress": "AgnesHaugo@dayrep.com",
          "FirstName": "Agnes",
          "Gender": "female",
          "LastName": "Haugo",
          "MiddleInitial": "O",
          "PostalCode": "4306",
          "SSN": "27113155242",
          "Username": "Poseetunres"
        }, {
          "_id": "72",
          "Address": "Vibeveien 196",
          "Customerid": "72",
          "EmailAddress": "EmilEikeland@armyspy.com",
          "FirstName": "Emil",
          "Gender": "male",
          "LastName": "Eikeland",
          "MiddleInitial": "T",
          "PostalCode": "3209",
          "SSN": "17114673499",
          "Username": "Wavers"
        }, {
          "_id": "73",
          "Address": "Norderhovsgata 63",
          "Customerid": "73",
          "EmailAddress": "RuneWold@armyspy.com",
          "FirstName": "Rune",
          "Gender": "male",
          "LastName": "Wold",
          "MiddleInitial": "E",
          "PostalCode": "3510",
          "SSN": "05064951171",
          "Username": "Weralause"
        }, {
          "_id": "74",
          "Address": "Bøkleva 141",
          "Customerid": "74",
          "EmailAddress": "WilliamFauske@jourrapide.com",
          "FirstName": "William",
          "Gender": "male",
          "LastName": "Fauske",
          "MiddleInitial": "H",
          "PostalCode": "1766",
          "SSN": "14032547069",
          "Username": "Shemas"
        }, {
          "_id": "75",
          "Address": "Hesjejordet 73",
          "Customerid": "75",
          "EmailAddress": "SebastianHansen@cuvox.de",
          "FirstName": "Sebastian",
          "Gender": "male",
          "LastName": "Hansen",
          "MiddleInitial": "M",
          "PostalCode": "1385",
          "SSN": "09112196657",
          "Username": "Mationdeed"
        }, {
          "_id": "76",
          "Address": "Lindemans gate 154",
          "Customerid": "76",
          "EmailAddress": "SimenSolli@jourrapide.com",
          "FirstName": "Simen",
          "Gender": "male",
          "LastName": "Solli",
          "MiddleInitial": "M",
          "PostalCode": "0267",
          "SSN": "10115759610",
          "Username": "Entse1938"
        }, {
          "_id": "77",
          "Address": "Eventyrvegen 44",
          "Customerid": "77",
          "EmailAddress": "SivertAsp@dayrep.com",
          "FirstName": "Sivert",
          "Gender": "male",
          "LastName": "Asp",
          "MiddleInitial": "N",
          "PostalCode": "2815",
          "SSN": "01065237389",
          "Username": "Altond"
        }, {
          "_id": "78",
          "Address": "Gunnerus gate 189",
          "Customerid": "78",
          "EmailAddress": "RubenOlsen@cuvox.de",
          "FirstName": "Ruben",
          "Gender": "male",
          "LastName": "Olsen",
          "MiddleInitial": "I",
          "PostalCode": "7012",
          "SSN": "21044240591",
          "Username": "Fisir1991"
        }, {
          "_id": "79",
          "Address": "Refsneskrona 176",
          "Customerid": "79",
          "EmailAddress": "MiaSaetra@einrot.com",
          "FirstName": "Mia",
          "Gender": "female",
          "LastName": "Sætra",
          "MiddleInitial": "F",
          "PostalCode": "1519",
          "SSN": "24085726314",
          "Username": "Hatilight"
        }, {
          "_id": "8",
          "Address": "Sandbrekketoppen 63",
          "Customerid": "8",
          "EmailAddress": "JulieNordeng@teleworm.us",
          "FirstName": "Julie",
          "Gender": "female",
          "LastName": "Nordeng",
          "MiddleInitial": "A",
          "PostalCode": "5224",
          "SSN": "01112962070",
          "Username": "Hicar1971"
        }, {
          "_id": "80",
          "Address": "Zetlitzveien 241",
          "Customerid": "80",
          "EmailAddress": "JulieAndersen@superrito.com",
          "FirstName": "Julie",
          "Gender": "female",
          "LastName": "Andersen",
          "MiddleInitial": "I",
          "PostalCode": "4017",
          "SSN": "16115430967",
          "Username": "Glingraps"
        }, {
          "_id": "81",
          "Address": "Kong Trygves vei 32",
          "Customerid": "81",
          "EmailAddress": "CamillaWilhelmsen@dayrep.com",
          "FirstName": "Camilla",
          "Gender": "female",
          "LastName": "Wilhelmsen",
          "MiddleInitial": "M",
          "PostalCode": "3125",
          "SSN": "22035964477",
          "Username": "Shenclace"
        }, {
          "_id": "82",
          "Address": "Drengs vei 115",
          "Customerid": "82",
          "EmailAddress": "KasperAndersen@teleworm.us",
          "FirstName": "Kasper",
          "Gender": "male",
          "LastName": "Andersen",
          "MiddleInitial": "H",
          "PostalCode": "1385",
          "SSN": "07114411799",
          "Username": "Pend1942"
        }, {
          "_id": "83",
          "Address": "Myrullvegen 12",
          "Customerid": "83",
          "EmailAddress": "AnnaOlsen@rhyta.com",
          "FirstName": "Anna",
          "Gender": "female",
          "LastName": "Olsen",
          "MiddleInitial": "F",
          "PostalCode": "5518",
          "SSN": "01115892565",
          "Username": "Froome"
        }, {
          "_id": "84",
          "Address": "Grindbakken 98",
          "Customerid": "84",
          "EmailAddress": "OleFrde@gustr.com",
          "FirstName": "Ole",
          "Gender": "male",
          "LastName": "Førde",
          "MiddleInitial": "I",
          "PostalCode": "0764",
          "SSN": "20075945255",
          "Username": "Fortulds1974"
        }, {
          "_id": "85",
          "Address": "Olav Haugaasens gate 244",
          "Customerid": "85",
          "EmailAddress": "KasperOpdal@cuvox.de",
          "FirstName": "Kasper",
          "Gender": "male",
          "LastName": "Opdal",
          "MiddleInitial": "M",
          "PostalCode": "2316",
          "SSN": "16052554966",
          "Username": "Forcesel"
        }, {
          "_id": "86",
          "Address": "Myraskjenet 153",
          "Customerid": "86",
          "EmailAddress": "LiveKarlsen@dayrep.com",
          "FirstName": "Live",
          "Gender": "female",
          "LastName": "Karlsen",
          "MiddleInitial": "D",
          "PostalCode": "5174",
          "SSN": "18014936790",
          "Username": "Therhatim"
        }, {
          "_id": "87",
          "Address": "Lyngstien 177",
          "Customerid": "87",
          "EmailAddress": "KonradOmmundsen@fleckens.hu",
          "FirstName": "Konrad",
          "Gender": "male",
          "LastName": "Ommundsen",
          "MiddleInitial": "A",
          "PostalCode": "6522",
          "SSN": "07064156059",
          "Username": "Prought"
        }, {
          "_id": "88",
          "Address": "Tua 118",
          "Customerid": "88",
          "EmailAddress": "AuroraBjrkli@armyspy.com",
          "FirstName": "Aurora",
          "Gender": "female",
          "LastName": "Bjørkli",
          "MiddleInitial": "E",
          "PostalCode": "6010",
          "SSN": "26062440083",
          "Username": "Fordoon"
        }, {
          "_id": "89",
          "Address": "Hans Thiis Møllers gate 53",
          "Customerid": "89",
          "EmailAddress": "JulieAndersen@fleckens.hu",
          "FirstName": "Julie",
          "Gender": "female",
          "LastName": "Andersen",
          "MiddleInitial": "W",
          "PostalCode": "6415",
          "SSN": "25115430058",
          "Username": "Hessium"
        }, {
          "_id": "9",
          "Address": "Fürstlia 148",
          "Customerid": "9",
          "EmailAddress": "ErikaOlsen@jourrapide.com",
          "FirstName": "Erika",
          "Gender": "female",
          "LastName": "Olsen",
          "MiddleInitial": "L",
          "PostalCode": "1367",
          "SSN": "14085111225",
          "Username": "Whavillat"
        }, {
          "_id": "90",
          "Address": "Fagerliveien 108",
          "Customerid": "90",
          "EmailAddress": "LucasLie@cuvox.de",
          "FirstName": "Lucas",
          "Gender": "male",
          "LastName": "Lie",
          "MiddleInitial": "T",
          "PostalCode": "1605",
          "SSN": "26026727498",
          "Username": "Briver"
        }, {
          "_id": "91",
          "Address": "Åsmostubben 19",
          "Customerid": "91",
          "EmailAddress": "DavidBerntsen@superrito.com",
          "FirstName": "David",
          "Gender": "male",
          "LastName": "Berntsen",
          "MiddleInitial": "M",
          "PostalCode": "2052",
          "SSN": "19125622937",
          "Username": "Thret1941"
        }, {
          "_id": "92",
          "Address": "Sørliveien 94",
          "Customerid": "92",
          "EmailAddress": "EmilEie@superrito.com",
          "FirstName": "Emil",
          "Gender": "male",
          "LastName": "Eie",
          "MiddleInitial": "L",
          "PostalCode": "1482",
          "SSN": "01085188884",
          "Username": "Betation"
        }, {
          "_id": "93",
          "Address": "Kongens gate 69",
          "Customerid": "93",
          "EmailAddress": "CaspianNygard@einrot.com",
          "FirstName": "Caspian",
          "Gender": "male",
          "LastName": "Nygård",
          "MiddleInitial": "I",
          "PostalCode": "0153",
          "SSN": "12032920177",
          "Username": "Aney1996"
        }, {
          "_id": "94",
          "Address": "Rognveien 13",
          "Customerid": "94",
          "EmailAddress": "KarolineNess@fleckens.hu",
          "FirstName": "Karoline",
          "Gender": "female",
          "LastName": "Ness",
          "MiddleInitial": "E",
          "PostalCode": "1470",
          "SSN": "17063184127",
          "Username": "Shonswer"
        }, {
          "_id": "95",
          "Address": "Stortuveien 206",
          "Customerid": "95",
          "EmailAddress": "KristinAakvik@jourrapide.com",
          "FirstName": "Kristin",
          "Gender": "female",
          "LastName": "Aakvik",
          "MiddleInitial": "K",
          "PostalCode": "6511",
          "SSN": "09062573326",
          "Username": "Scound1960"
        }, {
          "_id": "96",
          "Address": "Lodin Lepps gate 131",
          "Customerid": "96",
          "EmailAddress": "HeleneEide@einrot.com",
          "FirstName": "Helene",
          "Gender": "female",
          "LastName": "Eide",
          "MiddleInitial": "K",
          "PostalCode": "5003",
          "SSN": "12084134580",
          "Username": "Thishembled1947"
        }, {
          "_id": "97",
          "Address": "Plommedalsveien 65",
          "Customerid": "97",
          "EmailAddress": "MajaSrli@rhyta.com",
          "FirstName": "Maja",
          "Gender": "female",
          "LastName": "Sørli",
          "MiddleInitial": "B",
          "PostalCode": "1390",
          "SSN": "07106921805",
          "Username": "Camem1953"
        }, {
          "_id": "98",
          "Address": "Rødsbergstien 157",
          "Customerid": "98",
          "EmailAddress": "LotteHammer@armyspy.com",
          "FirstName": "Lotte",
          "Gender": "female",
          "LastName": "Hammer",
          "MiddleInitial": "E",
          "PostalCode": "1771",
          "SSN": "12072298359",
          "Username": "Shas1942"
        }, {
          "_id": "99",
          "Address": "Sommerfjøsvegen 143",
          "Customerid": "99",
          "EmailAddress": "SebastianSkjold@dayrep.com",
          "FirstName": "Sebastian",
          "Gender": "male",
          "LastName": "Skjold",
          "MiddleInitial": "T",
          "PostalCode": "7089",
          "SSN": "27035223852",
          "Username": "Theimence"
        }]
      },
      "production:": {
        "type": "sql",
        "system": "crm",
        "primary_key": "Customerid",
        "table": "users"
      },
      "test": {
        "type": "embedded",
        "entities": [{
          "_id": "1",
          "Address": "Helmers vei 242",
          "Customerid": "1",
          "EmailAddress": "TorjusSand@einrot.com",
          "FirstName": "Torjus",
          "Gender": "male",
          "LastName": "Sand",
          "MiddleInitial": "M",
          "PostalCode": "5163",
          "SSN": "23072451376",
          "Username": "Unjudosely"
        }, {
          "_id": "2",
          "Address": "Frognerveien 60",
          "Customerid": "2",
          "EmailAddress": "LarsEvjen@rhyta.com",
          "FirstName": "Lars",
          "Gender": "male",
          "LastName": "Evjen",
          "MiddleInitial": "A",
          "PostalCode": "3121",
          "SSN": "09046987892",
          "Username": "Wimen1979"
        }, {
          "_id": "3",
          "Address": "Gydas gate 227",
          "Customerid": "3",
          "EmailAddress": "DennisOlsen@dayrep.com",
          "FirstName": "Dennis",
          "Gender": "male",
          "LastName": "Olsen",
          "MiddleInitial": "L",
          "PostalCode": "3732",
          "SSN": "07033589977",
          "Username": "Gotin1984"
        }, {
          "_id": "100",
          "Address": "Nadderudåsen 186",
          "Customerid": "100",
          "EmailAddress": "IsakEikeland@teleworm.us",
          "FirstName": "Isak",
          "Gender": "male",
          "LastName": "Eikeland",
          "MiddleInitial": "E",
          "PostalCode": "1357",
          "SSN": "02023688018",
          "Username": "Mays1944"
        }, {
          "_id": "99",
          "Address": "Sommerfjøsvegen 143",
          "Customerid": "99",
          "EmailAddress": "SebastianSkjold@dayrep.com",
          "FirstName": "Sebastian",
          "Gender": "male",
          "LastName": "Skjold",
          "MiddleInitial": "T",
          "PostalCode": "7089",
          "SSN": "27035223852",
          "Username": "Theimence"
        }, {
          "_id": "93",
          "Address": "Kongens gate 69",
          "Customerid": "93",
          "EmailAddress": "CaspianNygard@einrot.com",
          "FirstName": "Caspian",
          "Gender": "male",
          "LastName": "Nygård",
          "MiddleInitial": "I",
          "PostalCode": "0153",
          "SSN": "12032920177",
          "Username": "Aney1996"
        }, {
          "_id": "91",
          "Address": "Åsmostubben 19",
          "Customerid": "91",
          "EmailAddress": "DavidBerntsen@superrito.com",
          "FirstName": "David",
          "Gender": "male",
          "LastName": "Berntsen",
          "MiddleInitial": "M",
          "PostalCode": "2052",
          "SSN": "19125622937",
          "Username": "Thret1941"
        }, {
          "_id": "90",
          "Address": "Fagerliveien 108",
          "Customerid": "90",
          "EmailAddress": "LucasLie@cuvox.de",
          "FirstName": "Lucas",
          "Gender": "male",
          "LastName": "Lie",
          "MiddleInitial": "T",
          "PostalCode": "1605",
          "SSN": "26026727498",
          "Username": "Briver"
        }, {
          "_id": "80",
          "Address": "Zetlitzveien 241",
          "Customerid": "80",
          "EmailAddress": "JulieAndersen@superrito.com",
          "FirstName": "Julie",
          "Gender": "female",
          "LastName": "Andersen",
          "MiddleInitial": "I",
          "PostalCode": "4017",
          "SSN": "16115430967",
          "Username": "Glingraps"
        }, {
          "_id": "81",
          "Address": "Kong Trygves vei 32",
          "Customerid": "81",
          "EmailAddress": "CamillaWilhelmsen@dayrep.com",
          "FirstName": "Camilla",
          "Gender": "female",
          "LastName": "Wilhelmsen",
          "MiddleInitial": "M",
          "PostalCode": "3125",
          "SSN": "22035964477",
          "Username": "Shenclace"
        }]
      }
    },
    "condition": "$ENV(node-env)"
  },
  "transform": {
    "type": "dtl",
    "rules": {
      "default": [
        ["copy", "*"],
        ["add", "SSN-ni",
          ["list",
            ["ni", "azure-person", "_S.SSN"],
            ["ni", "firebase-person", "_S.SSN"]
          ]
        ],
        ["comment", "below will add  a namespaced identifier and 'rdf:type' for easy filtering later"],
        ["add", "rdf:type",
          ["ni", "crm", "person"]
        ]
      ]
    }
  },
  "pump": {
    "mode": "manual"
  },
  "metadata": {
    "tags": ["embedded", "person"]
  }
}
