{
  "_id": "difi-weather-forecast",
  "type": "pipe",
  "source": {
    "type": "conditional",
    "alternatives": {
      "prod": {
        "type": "dataset",
        "dataset": "difi-postnummer"
      },
      "test": {
        "type": "embedded",
        "entities": [{}]
      }
    },
    "condition": "$ENV(node-env)"
  },
  "transform": {
    "type": "conditional",
    "alternatives": {
      "prod": {
        "type": "chained",
        "transforms": [{
          "type": "dtl",
          "rules": {
            "default": [
              ["copy", "*"]
            ]
          }
        }, {
          "type": "http",
          "system": "weather-forecast",
          "batch_size": 1,
          "url": "/get"
        }, {
          "type": "dtl",
          "rules": {
            "default": [
              ["add", "weather",
                ["map-dict",
                  ["concat", "difi-weather-forecast:", "_."], "_.", "_S.weather"]
              ],
              ["add", "error",
                ["map-dict",
                  ["concat", "difi-weather-forecast:", "_."], "_.", "_S.message"]
              ]
            ]
          }
        }]
      },
      "test": {
        "type": "dtl",
        "rules": {
          "default": [
            ["copy", "*"]
          ]
        }
      }
    },
    "condition": "$ENV(node-env)"
  }
}
