{
  "_id": "firebase-person",
  "type": "pipe",
  "source": {
    "type": "conditional",
    "alternatives": {
      "embedded": {
        "type": "embedded",
        "entities": [{
          "_id": "23072451376",
          "Country": "NO",
          "Gender": "male",
          "GivenName": "Torjus",
          "MiddleInitial": "M",
          "MoneyUsed": "4926",
          "Number": "1",
          "StreetAddress": "Statsråd 143",
          "Surname": "Sand",
          "TimesOrdered": "5",
          "Title": "Mr.",
          "Username": "yugibomvbom",
          "ZipCode": "7040"
        }, {
          "_id": "09046987892",
          "Country": "NO",
          "Gender": "male",
          "GivenName": "Lars",
          "MiddleInitial": "A",
          "MoneyUsed": "13798",
          "Number": "2",
          "StreetAddress": "Øvre 12",
          "Surname": "Evjen",
          "TimesOrdered": "3",
          "Title": "Mr.",
          "Username": "Wimen1979",
          "ZipCode": "5239"
        }, {
          "_id": "07033589977",
          "Country": "NO",
          "Gender": "male",
          "GivenName": "Dennis",
          "MiddleInitial": "L",
          "MoneyUsed": "15878",
          "Number": "3",
          "StreetAddress": "Gydas vei",
          "Surname": "Olsen",
          "TimesOrdered": "13",
          "Title": "Mr.",
          "Username": "Gotin1984",
          "ZipCode": "5003"
        }, {
          "_id": "14032975433",
          "Country": "NO",
          "Gender": "female",
          "GivenName": "Emilie",
          "MiddleInitial": "T",
          "MoneyUsed": "15777",
          "Number": "4",
          "StreetAddress": "Liastien 54",
          "Surname": "Østby",
          "TimesOrdered": "5",
          "Title": "Mrs.",
          "Username": "Slin1956",
          "ZipCode": "2411"
        }, {
          "_id": "20116430180",
          "Country": "NO",
          "Gender": "male",
          "GivenName": "Jonas",
          "MiddleInitial": "E",
          "MoneyUsed": "7318",
          "Number": "5",
          "StreetAddress": "Tua 206",
          "Surname": "Haile",
          "TimesOrdered": "15",
          "Title": "Mr.",
          "Username": "Firejus",
          "ZipCode": "3140"
        }, {
          "_id": "03045865306",
          "Country": "NO",
          "Gender": "female",
          "GivenName": "Martine",
          "MiddleInitial": "J",
          "MoneyUsed": "999",
          "Number": "6",
          "StreetAddress": "Zetlitzveien Haugaasens",
          "Surname": "Johansson",
          "TimesOrdered": "20",
          "Title": "Mrs.",
          "Username": "Somper",
          "ZipCode": "4634"
        }, {
          "_id": "12062922598",
          "Country": "NO",
          "Gender": "male",
          "GivenName": "David",
          "MiddleInitial": "N",
          "MoneyUsed": "797",
          "Number": "7",
          "StreetAddress": "Tyttebærstien 186",
          "Surname": "Tønder",
          "TimesOrdered": "4",
          "Title": "Mr.",
          "Username": "Zably1991",
          "ZipCode": "1263"
        }, {
          "_id": "01112962070",
          "Country": "NO",
          "Gender": "female",
          "GivenName": "Julie",
          "MiddleInitial": "A",
          "MoneyUsed": "12853",
          "Number": "8",
          "StreetAddress": "Grindbakken 116",
          "Surname": "Nordeng",
          "TimesOrdered": "18",
          "Title": "Mrs.",
          "Username": "Hicar1971",
          "ZipCode": "7021"
        }, {
          "_id": "14085111225",
          "Country": "NO",
          "Gender": "female",
          "GivenName": "Erika",
          "MiddleInitial": "L",
          "MoneyUsed": "4021",
          "Number": "9",
          "StreetAddress": "Tiurvegen vei",
          "Surname": "Olsen",
          "TimesOrdered": "1",
          "Title": "Mrs.",
          "Username": "Whavillat",
          "ZipCode": "8657"
        }, {
          "_id": "12052427741",
          "Country": "NO",
          "Gender": "male",
          "GivenName": "Aleksander",
          "MiddleInitial": "M",
          "MoneyUsed": "1014",
          "Number": "10",
          "StreetAddress": "Drengs 36",
          "Surname": "Ommundsen",
          "TimesOrdered": "17",
          "Title": "Mr.",
          "Username": "Grale1949",
          "ZipCode": "1390"
        }, {
          "_id": "19114455850",
          "Country": "NO",
          "Gender": "female",
          "GivenName": "Sara",
          "MiddleInitial": "B",
          "MoneyUsed": "4464",
          "Number": "11",
          "StreetAddress": "Myrullvegen 157",
          "Surname": "Gustavsen",
          "TimesOrdered": "12",
          "Title": "Ms.",
          "Username": "Suspe1950",
          "ZipCode": "1344"
        }, {
          "_id": "24057062155",
          "Country": "NO",
          "Gender": "female",
          "GivenName": "Cornelia",
          "MiddleInitial": "P",
          "MoneyUsed": "9347",
          "Number": "12",
          "StreetAddress": "Julius 83",
          "Surname": "Olsen",
          "TimesOrdered": "15",
          "Title": "Ms.",
          "Username": "Beeloo",
          "ZipCode": "4013"
        }, {
          "_id": "03102446917",
          "Country": "NO",
          "Gender": "female",
          "GivenName": "Katinka",
          "MiddleInitial": "B",
          "MoneyUsed": "15223",
          "Number": "13",
          "StreetAddress": "Gydas 192",
          "Surname": "Strand",
          "TimesOrdered": "18",
          "Title": "Ms.",
          "Username": "Nork1962",
          "ZipCode": "5231"
        }, {
          "_id": "28044435335",
          "Country": "NO",
          "Gender": "male",
          "GivenName": "Laurits",
          "MiddleInitial": "E",
          "MoneyUsed": "16636",
          "Number": "14",
          "StreetAddress": "Dronning 225",
          "Surname": "Berg",
          "TimesOrdered": "15",
          "Title": "Mr.",
          "Username": "Aphervin",
          "ZipCode": "3739"
        }, {
          "_id": "18112483943",
          "Country": "NO",
          "Gender": "male",
          "GivenName": "Elias",
          "MiddleInitial": "M",
          "MoneyUsed": "7819",
          "Number": "15",
          "StreetAddress": "Grindbakken 192",
          "Surname": "Thomassen",
          "TimesOrdered": "19",
          "Title": "Mr.",
          "Username": "Chases",
          "ZipCode": "0461"
        }, {
          "_id": "23082347736",
          "Country": "NO",
          "Gender": "female",
          "GivenName": "Tuva",
          "MiddleInitial": "K",
          "MoneyUsed": "6622",
          "Number": "16",
          "StreetAddress": "Frodegaten 206",
          "Surname": "Teigen",
          "TimesOrdered": "13",
          "Title": "Ms.",
          "Username": "Loure1995",
          "ZipCode": "3125"
        }, {
          "_id": "01022985821",
          "Country": "NO",
          "Gender": "female",
          "GivenName": "Amalie",
          "MiddleInitial": "M",
          "MoneyUsed": "17827",
          "Number": "17",
          "StreetAddress": "Gunnerus 36",
          "Surname": "Jakobsen",
          "TimesOrdered": "11",
          "Title": "Ms.",
          "Username": "Cupped",
          "ZipCode": "2409"
        }, {
          "_id": "25066427258",
          "Country": "NO",
          "Gender": "female",
          "GivenName": "Hannah",
          "MiddleInitial": "L",
          "MoneyUsed": "8008",
          "Number": "18",
          "StreetAddress": "Mergelveien terrasse",
          "Surname": "Borgen",
          "TimesOrdered": "8",
          "Title": "Ms.",
          "Username": "Thernand36",
          "ZipCode": "1771"
        }, {
          "_id": "26083795297",
          "Country": "NO",
          "Gender": "male",
          "GivenName": "Lucas",
          "MiddleInitial": "H",
          "MoneyUsed": "4052",
          "Number": "19",
          "StreetAddress": "Indre 239",
          "Surname": "Tjøstheim",
          "TimesOrdered": "3",
          "Title": "Mr.",
          "Username": "Rainkinste",
          "ZipCode": "7089"
        }, {
          "_id": "20094723254",
          "Country": "NO",
          "Gender": "female",
          "GivenName": "Celine",
          "MiddleInitial": "S",
          "MoneyUsed": "9090",
          "Number": "20",
          "StreetAddress": "Åsmostubben gate",
          "Surname": "Sveen",
          "TimesOrdered": "6",
          "Title": "Mrs.",
          "Username": "Ithis1942",
          "ZipCode": "2411"
        }, {
          "_id": "08093925620",
          "Country": "NO",
          "Gender": "male",
          "GivenName": "Cornelius",
          "MiddleInitial": "T",
          "MoneyUsed": "14658",
          "Number": "21",
          "StreetAddress": "A. gate",
          "Surname": "Andersen",
          "TimesOrdered": "13",
          "Title": "Mr.",
          "Username": "Fradenurry",
          "ZipCode": "2212"
        }, {
          "_id": "06064952809",
          "Country": "NO",
          "Gender": "female",
          "GivenName": "Silje",
          "MiddleInitial": "V",
          "MoneyUsed": "15747",
          "Number": "22",
          "StreetAddress": "Myraskjenet 44",
          "Surname": "Holmen",
          "TimesOrdered": "7",
          "Title": "Ms.",
          "Username": "Weent1976",
          "ZipCode": "0764"
        }, {
          "_id": "13052612148",
          "Country": "NO",
          "Gender": "female",
          "GivenName": "Emilie",
          "MiddleInitial": "E",
          "MoneyUsed": "10155",
          "Number": "23",
          "StreetAddress": "Bjørndalstjørnet 87",
          "Surname": "Drange",
          "TimesOrdered": "12",
          "Title": "Ms.",
          "Username": "Anglover",
          "ZipCode": "2020"
        }, {
          "_id": "23114265220",
          "Country": "NO",
          "Gender": "female",
          "GivenName": "Mathilde",
          "MiddleInitial": "N",
          "MoneyUsed": "3607",
          "Number": "24",
          "StreetAddress": "Eventyrvegen 228",
          "Surname": "Andersen",
          "TimesOrdered": "19",
          "Title": "Mrs.",
          "Username": "Torgent",
          "ZipCode": "1766"
        }, {
          "_id": "03036816460",
          "Country": "NO",
          "Gender": "male",
          "GivenName": "Theo",
          "MiddleInitial": "O",
          "MoneyUsed": "19718",
          "Number": "25",
          "StreetAddress": "Olav 221",
          "Surname": "Haugen",
          "TimesOrdered": "20",
          "Title": "Mr.",
          "Username": "Persay",
          "ZipCode": "5224"
        }, {
          "_id": "28106260384",
          "Country": "NO",
          "Gender": "male",
          "GivenName": "Johannes",
          "MiddleInitial": "I",
          "MoneyUsed": "15684",
          "Number": "26",
          "StreetAddress": "Borchgrevinks 47",
          "Surname": "Bratli",
          "TimesOrdered": "9",
          "Title": "Mr.",
          "Username": "Speargons",
          "ZipCode": "5163"
        }, {
          "_id": "23012520975",
          "Country": "NO",
          "Gender": "male",
          "GivenName": "Markus",
          "MiddleInitial": "T",
          "MoneyUsed": "11969",
          "Number": "27",
          "StreetAddress": "Mergelveien Buddes",
          "Surname": "Andersen",
          "TimesOrdered": "17",
          "Title": "Mr.",
          "Username": "Shiceat",
          "ZipCode": "5252"
        }, {
          "_id": "03092241196",
          "Country": "NO",
          "Gender": "female",
          "GivenName": "Åshild",
          "MiddleInitial": "O",
          "MoneyUsed": "7715",
          "Number": "28",
          "StreetAddress": "Skogsøysund 13",
          "Surname": "Thoresen",
          "TimesOrdered": "9",
          "Title": "Ms.",
          "Username": "Lored1934",
          "ZipCode": "5231"
        }, {
          "_id": "28013484741",
          "Country": "NO",
          "Gender": "male",
          "GivenName": "Benjamin",
          "MiddleInitial": "S",
          "MoneyUsed": "3893",
          "Number": "29",
          "StreetAddress": "Kværnerveien 184",
          "Surname": "Larsen",
          "TimesOrdered": "7",
          "Title": "Mr.",
          "Username": "Peade1963",
          "ZipCode": "9008"
        }, {
          "_id": "10044647612",
          "Country": "NO",
          "Gender": "male",
          "GivenName": "Paul",
          "MiddleInitial": "J",
          "MoneyUsed": "4114",
          "Number": "30",
          "StreetAddress": "Blindvegen 176",
          "Surname": "Ahmed",
          "TimesOrdered": "14",
          "Title": "Mr.",
          "Username": "Nottedits",
          "ZipCode": "2815"
        }, {
          "_id": "27105614534",
          "Country": "NO",
          "Gender": "male",
          "GivenName": "Sondre",
          "MiddleInitial": "L",
          "MoneyUsed": "11782",
          "Number": "31",
          "StreetAddress": "Rognveien 81",
          "Surname": "Storvik",
          "TimesOrdered": "9",
          "Title": "Mr.",
          "Username": "Necam1976",
          "ZipCode": "3121"
        }, {
          "_id": "09072559583",
          "Country": "NO",
          "Gender": "female",
          "GivenName": "Martina",
          "MiddleInitial": "S",
          "MoneyUsed": "10310",
          "Number": "32",
          "StreetAddress": "Tyttebærstien vei",
          "Surname": "Stavland",
          "TimesOrdered": "5",
          "Title": "Ms.",
          "Username": "Kedis1977",
          "ZipCode": "9403"
        }, {
          "_id": "11086031806",
          "Country": "NO",
          "Gender": "female",
          "GivenName": "Nathalie",
          "MiddleInitial": "S",
          "MoneyUsed": "17362",
          "Number": "33",
          "StreetAddress": "Rognveien 75",
          "Surname": "Torp",
          "TimesOrdered": "18",
          "Title": "Mrs.",
          "Username": "Abses1972",
          "ZipCode": "0764"
        }, {
          "_id": "23124483485",
          "Country": "NO",
          "Gender": "female",
          "GivenName": "Mari",
          "MiddleInitial": "J",
          "MoneyUsed": "11669",
          "Number": "34",
          "StreetAddress": "Porfyrveien 231",
          "Surname": "Zielinski",
          "TimesOrdered": "12",
          "Title": "Ms.",
          "Username": "Beent1973",
          "ZipCode": "4516"
        }, {
          "_id": "15092691352",
          "Country": "NO",
          "Gender": "male",
          "GivenName": "Adrian",
          "MiddleInitial": "V",
          "MoneyUsed": "8015",
          "Number": "35",
          "StreetAddress": "Lakåsene gate",
          "Surname": "Rasmussen",
          "TimesOrdered": "10",
          "Title": "Mr.",
          "Username": "Litine",
          "ZipCode": "5003"
        }, {
          "_id": "26115324140",
          "Country": "NO",
          "Gender": "male",
          "GivenName": "Mathias",
          "MiddleInitial": "M",
          "MoneyUsed": "2656",
          "Number": "36",
          "StreetAddress": "Sandbrekketoppen 78",
          "Surname": "Dahl",
          "TimesOrdered": "7",
          "Title": "Mr.",
          "Username": "Atten1961",
          "ZipCode": "3183"
        }, {
          "_id": "14052951189",
          "Country": "NO",
          "Gender": "female",
          "GivenName": "Amalie",
          "MiddleInitial": "S",
          "MoneyUsed": "7364",
          "Number": "37",
          "StreetAddress": "Fürstlia 10",
          "Surname": "Kristiansen",
          "TimesOrdered": "14",
          "Title": "Dr.",
          "Username": "Graccer1988",
          "ZipCode": "5097"
        }, {
          "_id": "13033142893",
          "Country": "NO",
          "Gender": "female",
          "GivenName": "Sara",
          "MiddleInitial": "S",
          "MoneyUsed": "14563",
          "Number": "38",
          "StreetAddress": "Skranelia 87",
          "Surname": "Tveiten",
          "TimesOrdered": "15",
          "Title": "Mrs.",
          "Username": "Contings",
          "ZipCode": "9008"
        }, {
          "_id": "18012711533",
          "Country": "NO",
          "Gender": "female",
          "GivenName": "Kristine",
          "MiddleInitial": "L",
          "MoneyUsed": "2831",
          "Number": "39",
          "StreetAddress": "Frodegaten 182",
          "Surname": "Løkås",
          "TimesOrdered": "2",
          "Title": "Ms.",
          "Username": "Forcind",
          "ZipCode": "3614"
        }, {
          "_id": "16026928290",
          "Country": "NO",
          "Gender": "female",
          "GivenName": "Emma",
          "MiddleInitial": "S",
          "MoneyUsed": "260",
          "Number": "40",
          "StreetAddress": "Magnus 19",
          "Surname": "Aas",
          "TimesOrdered": "16",
          "Title": "Ms.",
          "Username": "Pabis1977",
          "ZipCode": "6415"
        }, {
          "_id": "03105464544",
          "Country": "NO",
          "Gender": "male",
          "GivenName": "Mikael",
          "MiddleInitial": "S",
          "MoneyUsed": "2156",
          "Number": "41",
          "StreetAddress": "Storheia Kroghs",
          "Surname": "Sivertsen",
          "TimesOrdered": "8",
          "Title": "Mr.",
          "Username": "Corties",
          "ZipCode": "2815"
        }, {
          "_id": "06106469714",
          "Country": "NO",
          "Gender": "female",
          "GivenName": "Madelen",
          "MiddleInitial": "M",
          "MoneyUsed": "15364",
          "Number": "42",
          "StreetAddress": "Skogsøysund gate",
          "Surname": "Nordby",
          "TimesOrdered": "15",
          "Title": "Dr.",
          "Username": "Divive",
          "ZipCode": "4516"
        }, {
          "_id": "27124926984",
          "Country": "NO",
          "Gender": "female",
          "GivenName": "Meline",
          "MiddleInitial": "E",
          "MoneyUsed": "16420",
          "Number": "43",
          "StreetAddress": "Huldreveien 153",
          "Surname": "Hansen",
          "TimesOrdered": "11",
          "Title": "Mrs.",
          "Username": "Himeduced",
          "ZipCode": "3739"
        }, {
          "_id": "12113939086",
          "Country": "NO",
          "Gender": "female",
          "GivenName": "Mari",
          "MiddleInitial": "I",
          "MoneyUsed": "1352",
          "Number": "44",
          "StreetAddress": "Øvre gate",
          "Surname": "Paulsen",
          "TimesOrdered": "10",
          "Title": "Mrs.",
          "Username": "Eved1950",
          "ZipCode": "1482"
        }, {
          "_id": "07065859618",
          "Country": "NO",
          "Gender": "female",
          "GivenName": "Silja",
          "MiddleInitial": "J",
          "MoneyUsed": "9408",
          "Number": "45",
          "StreetAddress": "Lindøy 6",
          "Surname": "Håvik",
          "TimesOrdered": "18",
          "Title": "Mrs.",
          "Username": "Crimeturs",
          "ZipCode": "7030"
        }, {
          "_id": "25055031848",
          "Country": "NO",
          "Gender": "female",
          "GivenName": "Pernille",
          "MiddleInitial": "S",
          "MoneyUsed": "13253",
          "Number": "46",
          "StreetAddress": "Tua terrasse",
          "Surname": "Hellem",
          "TimesOrdered": "2",
          "Title": "Ms.",
          "Username": "Hustack",
          "ZipCode": "3042"
        }, {
          "_id": "23126740650",
          "Country": "NO",
          "Gender": "male",
          "GivenName": "Kevin",
          "MiddleInitial": "M",
          "MoneyUsed": "13514",
          "Number": "47",
          "StreetAddress": "Helmers 116",
          "Surname": "Eriksen",
          "TimesOrdered": "4",
          "Title": "Mr.",
          "Username": "Theramer",
          "ZipCode": "0267"
        }, {
          "_id": "15096612320",
          "Country": "NO",
          "Gender": "male",
          "GivenName": "Jakob",
          "MiddleInitial": "I",
          "MoneyUsed": "9973",
          "Number": "48",
          "StreetAddress": "Lerdalsveien vei",
          "Surname": "Lundh",
          "TimesOrdered": "15",
          "Title": "Dr.",
          "Username": "Apphimarly1985",
          "ZipCode": "3140"
        }, {
          "_id": "02013867955",
          "Country": "NO",
          "Gender": "female",
          "GivenName": "Eline",
          "MiddleInitial": "E",
          "MoneyUsed": "19623",
          "Number": "49",
          "StreetAddress": "Norderhovsgata 63",
          "Surname": "Haugen",
          "TimesOrdered": "16",
          "Title": "Mrs.",
          "Username": "Kion1948",
          "ZipCode": "3125"
        }, {
          "_id": "24032920161",
          "Country": "NO",
          "Gender": "female",
          "GivenName": "Una",
          "MiddleInitial": "M",
          "MoneyUsed": "12224",
          "Number": "50",
          "StreetAddress": "A. terrasse",
          "Surname": "Boge",
          "TimesOrdered": "13",
          "Title": "Ms.",
          "Username": "Cothed",
          "ZipCode": "1605"
        }, {
          "_id": "13103514260",
          "Country": "NO",
          "Gender": "male",
          "GivenName": "Oskar",
          "MiddleInitial": "M",
          "MoneyUsed": "242",
          "Number": "51",
          "StreetAddress": "Bjørndalstjørnet vei",
          "Surname": "Birkeland",
          "TimesOrdered": "4",
          "Title": "Mr.",
          "Username": "Athey1978",
          "ZipCode": "7089"
        }, {
          "_id": "14093771024",
          "Country": "NO",
          "Gender": "female",
          "GivenName": "Ina",
          "MiddleInitial": "V",
          "MoneyUsed": "16652",
          "Number": "52",
          "StreetAddress": "Gydas 221",
          "Surname": "Johansen",
          "TimesOrdered": "10",
          "Title": "Ms.",
          "Username": "Afted1940",
          "ZipCode": "3125"
        }, {
          "_id": "19105179412",
          "Country": "NO",
          "Gender": "male",
          "GivenName": "Eskil",
          "MiddleInitial": "M",
          "MoneyUsed": "5059",
          "Number": "53",
          "StreetAddress": "Klubbgata 177",
          "Surname": "Kristiansen",
          "TimesOrdered": "14",
          "Title": "Mr.",
          "Username": "Sarehely",
          "ZipCode": "0264"
        }, {
          "_id": "26105058579",
          "Country": "NO",
          "Gender": "female",
          "GivenName": "Oda",
          "MiddleInitial": "E",
          "MoneyUsed": "3785",
          "Number": "54",
          "StreetAddress": "Tiurvegen 228",
          "Surname": "Johansen",
          "TimesOrdered": "10",
          "Title": "Ms.",
          "Username": "Obesson",
          "ZipCode": "9008"
        }, {
          "_id": "08106492952",
          "Country": "NO",
          "Gender": "female",
          "GivenName": "Emilie",
          "MiddleInitial": "O",
          "MoneyUsed": "4573",
          "Number": "55",
          "StreetAddress": "Blindvegen gate",
          "Surname": "Håland",
          "TimesOrdered": "8",
          "Title": "Mrs.",
          "Username": "Yoult1981",
          "ZipCode": "1605"
        }, {
          "_id": "16032528519",
          "Country": "NO",
          "Gender": "male",
          "GivenName": "Johan",
          "MiddleInitial": "O",
          "MoneyUsed": "9931",
          "Number": "56",
          "StreetAddress": "Lønneveien 206",
          "Surname": "Pettersen",
          "TimesOrdered": "13",
          "Title": "Mr.",
          "Username": "Linne1947",
          "ZipCode": "6522"
        }, {
          "_id": "03066348300",
          "Country": "NO",
          "Gender": "male",
          "GivenName": "Leo",
          "MiddleInitial": "H",
          "MoneyUsed": "14513",
          "Number": "57",
          "StreetAddress": "Øvre 241",
          "Surname": "Rasmussen",
          "TimesOrdered": "5",
          "Title": "Mr.",
          "Username": "Dien1956",
          "ZipCode": "2020"
        }, {
          "_id": "22066584479",
          "Country": "NO",
          "Gender": "male",
          "GivenName": "Erik",
          "MiddleInitial": "K",
          "MoneyUsed": "6589",
          "Number": "58",
          "StreetAddress": "Grindkvalveien gate",
          "Surname": "Rønningen",
          "TimesOrdered": "20",
          "Title": "Mr.",
          "Username": "Malloffe",
          "ZipCode": "5003"
        }, {
          "_id": "25066444069",
          "Country": "NO",
          "Gender": "female",
          "GivenName": "Ida",
          "MiddleInitial": "C",
          "MoneyUsed": "19275",
          "Number": "59",
          "StreetAddress": "Fagerliveien 153",
          "Surname": "Schjølberg",
          "TimesOrdered": "0",
          "Title": "Mrs.",
          "Username": "Pecassoo",
          "ZipCode": "1766"
        }, {
          "_id": "26105832830",
          "Country": "NO",
          "Gender": "male",
          "GivenName": "Jesper",
          "MiddleInitial": "N",
          "MoneyUsed": "19695",
          "Number": "60",
          "StreetAddress": "Skranelia gate",
          "Surname": "Dale",
          "TimesOrdered": "1",
          "Title": "Mr.",
          "Username": "Thaton",
          "ZipCode": "5523"
        }, {
          "_id": "27087097414",
          "Country": "NO",
          "Gender": "female",
          "GivenName": "Maja",
          "MiddleInitial": "J",
          "MoneyUsed": "12959",
          "Number": "61",
          "StreetAddress": "Vibeveien 36",
          "Surname": "Steinsland",
          "TimesOrdered": "18",
          "Title": "Ms.",
          "Username": "Roas1976",
          "ZipCode": "3261"
        }, {
          "_id": "26075485402",
          "Country": "NO",
          "Gender": "male",
          "GivenName": "Tobias",
          "MiddleInitial": "S",
          "MoneyUsed": "778",
          "Number": "62",
          "StreetAddress": "Bråtaveien 63",
          "Surname": "Sommervold",
          "TimesOrdered": "8",
          "Title": "Mr.",
          "Username": "Beased",
          "ZipCode": "1339"
        }, {
          "_id": "13054543716",
          "Country": "NO",
          "Gender": "female",
          "GivenName": "Thea",
          "MiddleInitial": "A",
          "MoneyUsed": "5292",
          "Number": "63",
          "StreetAddress": "Klubbgata Haugaasens",
          "Surname": "Mathisen",
          "TimesOrdered": "8",
          "Title": "Mrs.",
          "Username": "Andell",
          "ZipCode": "3739"
        }, {
          "_id": "24035233367",
          "Country": "NO",
          "Gender": "male",
          "GivenName": "Fredrik",
          "MiddleInitial": "R",
          "MoneyUsed": "17037",
          "Number": "64",
          "StreetAddress": "A. 249",
          "Surname": "Bråthen",
          "TimesOrdered": "5",
          "Title": "Mr.",
          "Username": "Obtlyn",
          "ZipCode": "3183"
        }, {
          "_id": "14022952568",
          "Country": "NO",
          "Gender": "female",
          "GivenName": "Emilie",
          "MiddleInitial": "S",
          "MoneyUsed": "3379",
          "Number": "65",
          "StreetAddress": "Gunnerus Dalgate",
          "Surname": "Birkeland",
          "TimesOrdered": "7",
          "Title": "Ms.",
          "Username": "Frally",
          "ZipCode": "1339"
        }, {
          "_id": "28017084366",
          "Country": "NO",
          "Gender": "female",
          "GivenName": "Helena",
          "MiddleInitial": "A",
          "MoneyUsed": "14260",
          "Number": "66",
          "StreetAddress": "Plommedalsveien 196",
          "Surname": "Fuglestad",
          "TimesOrdered": "10",
          "Title": "Mrs.",
          "Username": "Sever1937",
          "ZipCode": "6010"
        }, {
          "_id": "10075146547",
          "Country": "NO",
          "Gender": "female",
          "GivenName": "Maria",
          "MiddleInitial": "S",
          "MoneyUsed": "11956",
          "Number": "67",
          "StreetAddress": "Gydas 196",
          "Surname": "Berg",
          "TimesOrdered": "6",
          "Title": "Mrs.",
          "Username": "Solow1962",
          "ZipCode": "2004"
        }, {
          "_id": "02046824410",
          "Country": "NO",
          "Gender": "female",
          "GivenName": "Yara",
          "MiddleInitial": "T",
          "MoneyUsed": "7520",
          "Number": "68",
          "StreetAddress": "Veggbakken 63",
          "Surname": "Møller",
          "TimesOrdered": "3",
          "Title": "Mrs.",
          "Username": "Hasurseen",
          "ZipCode": "5252"
        }, {
          "_id": "06015381268",
          "Country": "NO",
          "Gender": "female",
          "GivenName": "Lotte",
          "MiddleInitial": "O",
          "MoneyUsed": "9067",
          "Number": "69",
          "StreetAddress": "Bøkleva Bru",
          "Surname": "Melhus",
          "TimesOrdered": "15",
          "Title": "Mrs.",
          "Username": "Decture1968",
          "ZipCode": "8023"
        }, {
          "_id": "17046573791",
          "Country": "NO",
          "Gender": "female",
          "GivenName": "Elise",
          "MiddleInitial": "J",
          "MoneyUsed": "5060",
          "Number": "70",
          "StreetAddress": "H.A.Reinerts 68",
          "Surname": "Nornes",
          "TimesOrdered": "7",
          "Title": "Mrs.",
          "Username": "Lingovensids",
          "ZipCode": "5171"
        }, {
          "_id": "27113155242",
          "Country": "NO",
          "Gender": "female",
          "GivenName": "Agnes",
          "MiddleInitial": "O",
          "MoneyUsed": "8658",
          "Number": "71",
          "StreetAddress": "Julius 81",
          "Surname": "Haugo",
          "TimesOrdered": "16",
          "Title": "Ms.",
          "Username": "Poseetunres",
          "ZipCode": "3140"
        }, {
          "_id": "17114673499",
          "Country": "NO",
          "Gender": "male",
          "GivenName": "Emil",
          "MiddleInitial": "T",
          "MoneyUsed": "6324",
          "Number": "72",
          "StreetAddress": "General 143",
          "Surname": "Eikeland",
          "TimesOrdered": "3",
          "Title": "Mr.",
          "Username": "Wavers",
          "ZipCode": "1482"
        }, {
          "_id": "05064951171",
          "Country": "NO",
          "Gender": "male",
          "GivenName": "Rune",
          "MiddleInitial": "E",
          "MoneyUsed": "18096",
          "Number": "73",
          "StreetAddress": "Tua Løkkavei",
          "Surname": "Wold",
          "TimesOrdered": "7",
          "Title": "Mr.",
          "Username": "Weralause",
          "ZipCode": "3183"
        }, {
          "_id": "14032547069",
          "Country": "NO",
          "Gender": "male",
          "GivenName": "William",
          "MiddleInitial": "H",
          "MoneyUsed": "17513",
          "Number": "74",
          "StreetAddress": "Maria gate",
          "Surname": "Fauske",
          "TimesOrdered": "0",
          "Title": "Mr.",
          "Username": "Shemas",
          "ZipCode": "4017"
        }, {
          "_id": "09112196657",
          "Country": "NO",
          "Gender": "male",
          "GivenName": "Sebastian",
          "MiddleInitial": "M",
          "MoneyUsed": "18450",
          "Number": "75",
          "StreetAddress": "Plommedalsveien Kroghs",
          "Surname": "Hansen",
          "TimesOrdered": "4",
          "Title": "Mr.",
          "Username": "Mationdeed",
          "ZipCode": "5239"
        }, {
          "_id": "10115759610",
          "Country": "NO",
          "Gender": "male",
          "GivenName": "Simen",
          "MiddleInitial": "M",
          "MoneyUsed": "12689",
          "Number": "76",
          "StreetAddress": "Blindvegen 145",
          "Surname": "Solli",
          "TimesOrdered": "3",
          "Title": "Mr.",
          "Username": "Entse1938",
          "ZipCode": "6415"
        }, {
          "_id": "01065237389",
          "Country": "NO",
          "Gender": "male",
          "GivenName": "Sivert",
          "MiddleInitial": "N",
          "MoneyUsed": "8856",
          "Number": "77",
          "StreetAddress": "Rødhettevegen 177",
          "Surname": "Asp",
          "TimesOrdered": "15",
          "Title": "Mr.",
          "Username": "Altond",
          "ZipCode": "3042"
        }, {
          "_id": "21044240591",
          "Country": "NO",
          "Gender": "male",
          "GivenName": "Ruben",
          "MiddleInitial": "I",
          "MoneyUsed": "18235",
          "Number": "78",
          "StreetAddress": "Holme terrasse",
          "Surname": "Olsen",
          "TimesOrdered": "12",
          "Title": "Mr.",
          "Username": "Fisir1991",
          "ZipCode": "6511"
        }, {
          "_id": "24085726314",
          "Country": "NO",
          "Gender": "female",
          "GivenName": "Mia",
          "MiddleInitial": "F",
          "MoneyUsed": "19238",
          "Number": "79",
          "StreetAddress": "Lyngveien 75",
          "Surname": "Sætra",
          "TimesOrdered": "11",
          "Title": "Ms.",
          "Username": "Hatilight",
          "ZipCode": "6522"
        }, {
          "_id": "16115430967",
          "Country": "NO",
          "Gender": "female",
          "GivenName": "Julie",
          "MiddleInitial": "I",
          "MoneyUsed": "344",
          "Number": "80",
          "StreetAddress": "Lønneveien vei",
          "Surname": "Andersen",
          "TimesOrdered": "9",
          "Title": "Ms.",
          "Username": "Glingraps",
          "ZipCode": "2815"
        }, {
          "_id": "22035964477",
          "Country": "NO",
          "Gender": "female",
          "GivenName": "Camilla",
          "MiddleInitial": "M",
          "MoneyUsed": "17926",
          "Number": "81",
          "StreetAddress": "Stortuveien Solheims",
          "Surname": "Wilhelmsen",
          "TimesOrdered": "19",
          "Title": "Ms.",
          "Username": "Shenclace",
          "ZipCode": "1385"
        }, {
          "_id": "07114411799",
          "Country": "NO",
          "Gender": "male",
          "GivenName": "Kasper",
          "MiddleInitial": "H",
          "MoneyUsed": "7227",
          "Number": "82",
          "StreetAddress": "Myraskjenet 202",
          "Surname": "Andersen",
          "TimesOrdered": "20",
          "Title": "Mr.",
          "Username": "Pend1942",
          "ZipCode": "6511"
        }, {
          "_id": "01115892565",
          "Country": "NO",
          "Gender": "female",
          "GivenName": "Anna",
          "MiddleInitial": "F",
          "MoneyUsed": "2875",
          "Number": "83",
          "StreetAddress": "Gydas 75",
          "Surname": "Olsen",
          "TimesOrdered": "15",
          "Title": "Ms.",
          "Username": "Froome",
          "ZipCode": "4013"
        }, {
          "_id": "20075945255",
          "Country": "NO",
          "Gender": "male",
          "GivenName": "Ole",
          "MiddleInitial": "I",
          "MoneyUsed": "9054",
          "Number": "84",
          "StreetAddress": "Jonas Løkkavei",
          "Surname": "Førde",
          "TimesOrdered": "20",
          "Title": "Mr.",
          "Username": "Fortulds1974",
          "ZipCode": "6511"
        }, {
          "_id": "16052554966",
          "Country": "NO",
          "Gender": "male",
          "GivenName": "Kasper",
          "MiddleInitial": "M",
          "MoneyUsed": "3809",
          "Number": "85",
          "StreetAddress": "Frognerveien 44",
          "Surname": "Opdal",
          "TimesOrdered": "0",
          "Title": "Mr.",
          "Username": "Forcesel",
          "ZipCode": "3510"
        }, {
          "_id": "18014936790",
          "Country": "NO",
          "Gender": "female",
          "GivenName": "Live",
          "MiddleInitial": "D",
          "MoneyUsed": "234",
          "Number": "86",
          "StreetAddress": "Nerstranda 192",
          "Surname": "Karlsen",
          "TimesOrdered": "1",
          "Title": "Mrs.",
          "Username": "Therhatim",
          "ZipCode": "9403"
        }, {
          "_id": "07064156059",
          "Country": "NO",
          "Gender": "male",
          "GivenName": "Konrad",
          "MiddleInitial": "A",
          "MoneyUsed": "17550",
          "Number": "87",
          "StreetAddress": "Justvikbakken gate",
          "Surname": "Ommundsen",
          "TimesOrdered": "2",
          "Title": "Mr.",
          "Username": "Prought",
          "ZipCode": "5171"
        }, {
          "_id": "26062440083",
          "Country": "NO",
          "Gender": "female",
          "GivenName": "Aurora",
          "MiddleInitial": "E",
          "MoneyUsed": "14524",
          "Number": "88",
          "StreetAddress": "Lindemans 10",
          "Surname": "Bjørkli",
          "TimesOrdered": "14",
          "Title": "Mrs.",
          "Username": "Fordoon",
          "ZipCode": "0264"
        }, {
          "_id": "25115430058",
          "Country": "NO",
          "Gender": "female",
          "GivenName": "Julie",
          "MiddleInitial": "W",
          "MoneyUsed": "19992",
          "Number": "89",
          "StreetAddress": "Kveldrovegen 37",
          "Surname": "Andersen",
          "TimesOrdered": "2",
          "Title": "Ms.",
          "Username": "Hessium",
          "ZipCode": "1344"
        }, {
          "_id": "26026727498",
          "Country": "NO",
          "Gender": "male",
          "GivenName": "Lucas",
          "MiddleInitial": "T",
          "MoneyUsed": "2527",
          "Number": "90",
          "StreetAddress": "Storheia 10",
          "Surname": "Lie",
          "TimesOrdered": "18",
          "Title": "Mr.",
          "Username": "Briver",
          "ZipCode": "3121"
        }, {
          "_id": "19125622937",
          "Country": "NO",
          "Gender": "male",
          "GivenName": "David",
          "MiddleInitial": "M",
          "MoneyUsed": "4475",
          "Number": "91",
          "StreetAddress": "Hesjejordet 83",
          "Surname": "Berntsen",
          "TimesOrdered": "14",
          "Title": "Mr.",
          "Username": "Thret1941",
          "ZipCode": "3739"
        }, {
          "_id": "01085188884",
          "Country": "NO",
          "Gender": "male",
          "GivenName": "Emil",
          "MiddleInitial": "L",
          "MoneyUsed": "15035",
          "Number": "92",
          "StreetAddress": "Lakåsene 44",
          "Surname": "Eie",
          "TimesOrdered": "4",
          "Title": "Mr.",
          "Username": "Betation",
          "ZipCode": "7040"
        }, {
          "_id": "12032920177",
          "Country": "NO",
          "Gender": "male",
          "GivenName": "Caspian",
          "MiddleInitial": "I",
          "MoneyUsed": "11923",
          "Number": "93",
          "StreetAddress": "Lindøy Løkkavei",
          "Surname": "Nygård",
          "TimesOrdered": "12",
          "Title": "Mr.",
          "Username": "Aney1996",
          "ZipCode": "2213"
        }, {
          "_id": "17063184127",
          "Country": "NO",
          "Gender": "female",
          "GivenName": "Karoline",
          "MiddleInitial": "E",
          "MoneyUsed": "13659",
          "Number": "94",
          "StreetAddress": "Sophus Haugaasens",
          "Surname": "Ness",
          "TimesOrdered": "18",
          "Title": "Ms.",
          "Username": "Shonswer",
          "ZipCode": "4516"
        }, {
          "_id": "09062573326",
          "Country": "NO",
          "Gender": "female",
          "GivenName": "Kristin",
          "MiddleInitial": "K",
          "MoneyUsed": "18400",
          "Number": "95",
          "StreetAddress": "Hunstadringen 47",
          "Surname": "Aakvik",
          "TimesOrdered": "4",
          "Title": "Ms.",
          "Username": "Scound1960",
          "ZipCode": "3042"
        }, {
          "_id": "12084134580",
          "Country": "NO",
          "Gender": "female",
          "GivenName": "Helene",
          "MiddleInitial": "K",
          "MoneyUsed": "7942",
          "Number": "96",
          "StreetAddress": "Sandbrekketoppen 118",
          "Surname": "Eide",
          "TimesOrdered": "17",
          "Title": "Mrs.",
          "Username": "Thishembled1947",
          "ZipCode": "3042"
        }, {
          "_id": "07106921805",
          "Country": "NO",
          "Gender": "female",
          "GivenName": "Maja",
          "MiddleInitial": "B",
          "MoneyUsed": "1008",
          "Number": "97",
          "StreetAddress": "Vibeveien veg",
          "Surname": "Sørli",
          "TimesOrdered": "5",
          "Title": "Ms.",
          "Username": "Camem1953",
          "ZipCode": "7030"
        }, {
          "_id": "12072298359",
          "Country": "NO",
          "Gender": "female",
          "GivenName": "Lotte",
          "MiddleInitial": "E",
          "MoneyUsed": "2528",
          "Number": "98",
          "StreetAddress": "Skogsøysund gate",
          "Surname": "Hammer",
          "TimesOrdered": "6",
          "Title": "Ms.",
          "Username": "Shas1942",
          "ZipCode": "3732"
        }, {
          "_id": "27035223852",
          "Country": "NO",
          "Gender": "male",
          "GivenName": "Sebastian",
          "MiddleInitial": "T",
          "MoneyUsed": "13935",
          "Number": "99",
          "StreetAddress": "Kværnerveien 148",
          "Surname": "Skjold",
          "TimesOrdered": "18",
          "Title": "Mr.",
          "Username": "Theimence",
          "ZipCode": "3732"
        }, {
          "_id": "02023688018",
          "Country": "NO",
          "Gender": "male",
          "GivenName": "Isak",
          "MiddleInitial": "E",
          "MoneyUsed": "19392",
          "Number": "100",
          "StreetAddress": "Frodegaten gate",
          "Surname": "Eikeland",
          "TimesOrdered": "16",
          "Title": "Mr.",
          "Username": "Mays1944",
          "ZipCode": "4017"
        }]
      },
      "production:": {
        "type": "json",
        "system": "firebase",
        "url": "/"
      },
      "test": {
        "type": "embedded",
        "entities": [{
          "_id": "12052427741",
          "Country": "NO",
          "Gender": "male",
          "GivenName": "Aleksander",
          "MiddleInitial": "M",
          "MoneyUsed": "1014",
          "Number": "10",
          "StreetAddress": "Drengs 36",
          "Surname": "Ommundsen",
          "TimesOrdered": "17",
          "Title": "Mr.",
          "Username": "Grale1949",
          "ZipCode": "1390"
        }, {
          "_id": "09046987892",
          "Country": "NO",
          "Gender": "male",
          "GivenName": "Lars",
          "MiddleInitial": "A",
          "MoneyUsed": "13798",
          "Number": "2",
          "StreetAddress": "Øvre 12",
          "Surname": "Evjen",
          "TimesOrdered": "3",
          "Title": "Mr.",
          "Username": "Wimen1979",
          "ZipCode": "5239"
        }, {
          "_id": "07033589977",
          "Country": "NO",
          "Gender": "male",
          "GivenName": "Dennis",
          "MiddleInitial": "L",
          "MoneyUsed": "15878",
          "Number": "3",
          "StreetAddress": "Gydas vei",
          "Surname": "Olsen",
          "TimesOrdered": "13",
          "Title": "Mr.",
          "Username": "Gotin1984",
          "ZipCode": "5003"
        }, {
          "_id": "02023688018",
          "Country": "NO",
          "Gender": "male",
          "GivenName": "Isak",
          "MiddleInitial": "E",
          "MoneyUsed": "19392",
          "Number": "100",
          "StreetAddress": "Frodegaten gate",
          "Surname": "Eikeland",
          "TimesOrdered": "16",
          "Title": "Mr.",
          "Username": "Mays1944",
          "ZipCode": "4017"
        }, {
          "_id": "27035223852",
          "Country": "NO",
          "Gender": "male",
          "GivenName": "Sebastian",
          "MiddleInitial": "T",
          "MoneyUsed": "13935",
          "Number": "99",
          "StreetAddress": "Kværnerveien 148",
          "Surname": "Skjold",
          "TimesOrdered": "18",
          "Title": "Mr.",
          "Username": "Theimence",
          "ZipCode": "3732"
        }, {
          "_id": "12032920177",
          "Country": "NO",
          "Gender": "male",
          "GivenName": "Caspian",
          "MiddleInitial": "I",
          "MoneyUsed": "11923",
          "Number": "93",
          "StreetAddress": "Lindøy Løkkavei",
          "Surname": "Nygård",
          "TimesOrdered": "12",
          "Title": "Mr.",
          "Username": "Aney1996",
          "ZipCode": "2213"
        }, {
          "_id": "19125622937",
          "Country": "NO",
          "Gender": "male",
          "GivenName": "David",
          "MiddleInitial": "M",
          "MoneyUsed": "4475",
          "Number": "91",
          "StreetAddress": "Hesjejordet 83",
          "Surname": "Berntsen",
          "TimesOrdered": "14",
          "Title": "Mr.",
          "Username": "Thret1941",
          "ZipCode": "3739"
        }, {
          "_id": "26026727498",
          "Country": "NO",
          "Gender": "male",
          "GivenName": "Lucas",
          "MiddleInitial": "T",
          "MoneyUsed": "2527",
          "Number": "90",
          "StreetAddress": "Storheia 10",
          "Surname": "Lie",
          "TimesOrdered": "18",
          "Title": "Mr.",
          "Username": "Briver",
          "ZipCode": "3121"
        }, {
          "_id": "14085111225",
          "Country": "NO",
          "Gender": "female",
          "GivenName": "Erika",
          "MiddleInitial": "L",
          "MoneyUsed": "4021",
          "Number": "9",
          "StreetAddress": "Tiurvegen vei",
          "Surname": "Olsen",
          "TimesOrdered": "1",
          "Title": "Mrs.",
          "Username": "Whavillat",
          "ZipCode": "8657"
        }, {
          "_id": "22035964477",
          "Country": "NO",
          "Gender": "female",
          "GivenName": "Camilla",
          "MiddleInitial": "M",
          "MoneyUsed": "17926",
          "Number": "81",
          "StreetAddress": "Stortuveien Solheims",
          "Surname": "Wilhelmsen",
          "TimesOrdered": "19",
          "Title": "Ms.",
          "Username": "Shenclace",
          "ZipCode": "1385"
        }]
      }
    },
    "condition": "$ENV(node-env)"
  },
  "transform": {
    "type": "dtl",
    "rules": {
      "default": [
        ["copy", "*"],
        ["add", "rdf:type",
          ["ni", "firebase", "person"]
        ]
      ]
    }
  },
  "pump": {
    "mode": "manual"
  },
  "metadata": {
    "tags": ["embedded", "person"]
  }
}
