{
  "_id": "salesforce-consent",
  "type": "pipe",
  "source": {
    "type": "conditional",
    "alternatives": {
      "embedded": {
        "type": "embedded",
        "entities": [{
          "_id": "0",
          "HasConsented": true,
          "LastUpdated": "2015-10-25",
          "Username": "Unjudosely",
          "title": "email-marketing"
        }, {
          "_id": "1",
          "HasConsented": true,
          "LastUpdated": "2015-12-20",
          "Username": "Wimen1979",
          "title": "email-marketing"
        }, {
          "_id": "2",
          "HasConsented": true,
          "LastUpdated": "2017-11-21",
          "Username": "Gotin1984",
          "title": "email-marketing"
        }, {
          "_id": "3",
          "HasConsented": true,
          "LastUpdated": "2017-11-16",
          "Username": "Slin1956",
          "title": "email-marketing"
        }, {
          "_id": "4",
          "HasConsented": false,
          "LastUpdated": "2016-12-12",
          "Username": "Firejus",
          "title": "email-marketing"
        }, {
          "_id": "5",
          "HasConsented": false,
          "LastUpdated": "2015-10-15",
          "Username": "Somper",
          "title": "email-marketing"
        }, {
          "_id": "6",
          "HasConsented": false,
          "LastUpdated": "2016-10-28",
          "Username": "Zably1991",
          "title": "email-marketing"
        }, {
          "_id": "7",
          "HasConsented": false,
          "LastUpdated": "2017-11-17",
          "Username": "Hicar1971",
          "title": "email-marketing"
        }, {
          "_id": "8",
          "HasConsented": false,
          "LastUpdated": "2017-10-29",
          "Username": "Whavillat",
          "title": "email-marketing"
        }, {
          "_id": "9",
          "HasConsented": false,
          "LastUpdated": "2015-12-28",
          "Username": "Grale1949",
          "title": "email-marketing"
        }, {
          "_id": "10",
          "HasConsented": false,
          "LastUpdated": "2017-12-29",
          "Username": "Suspe1950",
          "title": "email-marketing"
        }, {
          "_id": "11",
          "HasConsented": true,
          "LastUpdated": "2018-10-18",
          "Username": "Beeloo",
          "title": "email-marketing"
        }, {
          "_id": "12",
          "HasConsented": false,
          "LastUpdated": "2016-12-24",
          "Username": "Nork1962",
          "title": "email-marketing"
        }, {
          "_id": "13",
          "HasConsented": false,
          "LastUpdated": "2018-10-21",
          "Username": "Aphervin",
          "title": "email-marketing"
        }, {
          "_id": "14",
          "HasConsented": true,
          "LastUpdated": "2015-12-14",
          "Username": "Chases",
          "title": "email-marketing"
        }, {
          "_id": "15",
          "HasConsented": false,
          "LastUpdated": "2017-12-22",
          "Username": "Loure1995",
          "title": "email-marketing"
        }, {
          "_id": "16",
          "HasConsented": false,
          "LastUpdated": "2016-10-21",
          "Username": "Cupped",
          "title": "email-marketing"
        }, {
          "_id": "17",
          "HasConsented": true,
          "LastUpdated": "2015-11-22",
          "Username": "Thernand36",
          "title": "email-marketing"
        }, {
          "_id": "18",
          "HasConsented": true,
          "LastUpdated": "2015-12-19",
          "Username": "Rainkinste",
          "title": "email-marketing"
        }, {
          "_id": "19",
          "HasConsented": true,
          "LastUpdated": "2018-10-28",
          "Username": "Ithis1942",
          "title": "email-marketing"
        }, {
          "_id": "20",
          "HasConsented": true,
          "LastUpdated": "2018-12-27",
          "Username": "Fradenurry",
          "title": "email-marketing"
        }, {
          "_id": "21",
          "HasConsented": false,
          "LastUpdated": "2018-11-27",
          "Username": "Weent1976",
          "title": "email-marketing"
        }, {
          "_id": "22",
          "HasConsented": true,
          "LastUpdated": "2016-12-26",
          "Username": "Anglover",
          "title": "email-marketing"
        }, {
          "_id": "23",
          "HasConsented": false,
          "LastUpdated": "2015-10-20",
          "Username": "Torgent",
          "title": "email-marketing"
        }, {
          "_id": "24",
          "HasConsented": true,
          "LastUpdated": "2017-11-30",
          "Username": "Persay",
          "title": "email-marketing"
        }, {
          "_id": "25",
          "HasConsented": false,
          "LastUpdated": "2015-11-18",
          "Username": "Unjudosely",
          "title": "phone-marketing"
        }, {
          "_id": "26",
          "HasConsented": false,
          "LastUpdated": "2016-10-20",
          "Username": "Wimen1979",
          "title": "phone-marketing"
        }, {
          "_id": "27",
          "HasConsented": true,
          "LastUpdated": "2018-11-14",
          "Username": "Gotin1984",
          "title": "phone-marketing"
        }, {
          "_id": "28",
          "HasConsented": true,
          "LastUpdated": "2015-10-28",
          "Username": "Slin1956",
          "title": "phone-marketing"
        }, {
          "_id": "29",
          "HasConsented": true,
          "LastUpdated": "2015-12-11",
          "Username": "Firejus",
          "title": "phone-marketing"
        }, {
          "_id": "30",
          "HasConsented": false,
          "LastUpdated": "2017-11-12",
          "Username": "Somper",
          "title": "phone-marketing"
        }, {
          "_id": "31",
          "HasConsented": false,
          "LastUpdated": "2018-10-30",
          "Username": "Zably1991",
          "title": "phone-marketing"
        }, {
          "_id": "32",
          "HasConsented": false,
          "LastUpdated": "2015-11-19",
          "Username": "Hicar1971",
          "title": "phone-marketing"
        }, {
          "_id": "33",
          "HasConsented": true,
          "LastUpdated": "2016-12-14",
          "Username": "Whavillat",
          "title": "phone-marketing"
        }, {
          "_id": "34",
          "HasConsented": true,
          "LastUpdated": "2018-10-26",
          "Username": "Grale1949",
          "title": "phone-marketing"
        }, {
          "_id": "35",
          "HasConsented": true,
          "LastUpdated": "2018-11-17",
          "Username": "Suspe1950",
          "title": "phone-marketing"
        }, {
          "_id": "36",
          "HasConsented": true,
          "LastUpdated": "2015-10-29",
          "Username": "Beeloo",
          "title": "phone-marketing"
        }, {
          "_id": "37",
          "HasConsented": true,
          "LastUpdated": "2017-11-11",
          "Username": "Nork1962",
          "title": "phone-marketing"
        }, {
          "_id": "38",
          "HasConsented": true,
          "LastUpdated": "2015-11-19",
          "Username": "Aphervin",
          "title": "phone-marketing"
        }, {
          "_id": "39",
          "HasConsented": true,
          "LastUpdated": "2016-10-24",
          "Username": "Chases",
          "title": "phone-marketing"
        }, {
          "_id": "40",
          "HasConsented": true,
          "LastUpdated": "2015-11-20",
          "Username": "Loure1995",
          "title": "phone-marketing"
        }, {
          "_id": "41",
          "HasConsented": false,
          "LastUpdated": "2017-12-23",
          "Username": "Cupped",
          "title": "phone-marketing"
        }, {
          "_id": "42",
          "HasConsented": true,
          "LastUpdated": "2018-12-26",
          "Username": "Thernand36",
          "title": "phone-marketing"
        }, {
          "_id": "43",
          "HasConsented": false,
          "LastUpdated": "2016-12-16",
          "Username": "Rainkinste",
          "title": "phone-marketing"
        }, {
          "_id": "44",
          "HasConsented": true,
          "LastUpdated": "2016-11-14",
          "Username": "Ithis1942",
          "title": "phone-marketing"
        }, {
          "_id": "45",
          "HasConsented": true,
          "LastUpdated": "2017-12-10",
          "Username": "Fradenurry",
          "title": "phone-marketing"
        }, {
          "_id": "46",
          "HasConsented": false,
          "LastUpdated": "2016-12-25",
          "Username": "Weent1976",
          "title": "phone-marketing"
        }, {
          "_id": "47",
          "HasConsented": false,
          "LastUpdated": "2015-11-23",
          "Username": "Anglover",
          "title": "phone-marketing"
        }, {
          "_id": "48",
          "HasConsented": true,
          "LastUpdated": "2015-11-27",
          "Username": "Torgent",
          "title": "phone-marketing"
        }, {
          "_id": "49",
          "HasConsented": true,
          "LastUpdated": "2015-12-13",
          "Username": "Persay",
          "title": "phone-marketing"
        }, {
          "_id": "50",
          "HasConsented": false,
          "LastUpdated": "2015-11-15",
          "Username": "Unjudosely",
          "title": "coupon-marketing"
        }, {
          "_id": "51",
          "HasConsented": false,
          "LastUpdated": "2015-12-23",
          "Username": "Wimen1979",
          "title": "coupon-marketing"
        }, {
          "_id": "52",
          "HasConsented": false,
          "LastUpdated": "2018-10-28",
          "Username": "Gotin1984",
          "title": "coupon-marketing"
        }, {
          "_id": "53",
          "HasConsented": false,
          "LastUpdated": "2017-11-14",
          "Username": "Slin1956",
          "title": "coupon-marketing"
        }, {
          "_id": "54",
          "HasConsented": false,
          "LastUpdated": "2016-12-20",
          "Username": "Firejus",
          "title": "coupon-marketing"
        }, {
          "_id": "55",
          "HasConsented": true,
          "LastUpdated": "2015-12-11",
          "Username": "Somper",
          "title": "coupon-marketing"
        }, {
          "_id": "56",
          "HasConsented": true,
          "LastUpdated": "2017-10-21",
          "Username": "Zably1991",
          "title": "coupon-marketing"
        }, {
          "_id": "57",
          "HasConsented": false,
          "LastUpdated": "2015-11-18",
          "Username": "Hicar1971",
          "title": "coupon-marketing"
        }, {
          "_id": "58",
          "HasConsented": false,
          "LastUpdated": "2016-12-11",
          "Username": "Whavillat",
          "title": "coupon-marketing"
        }, {
          "_id": "59",
          "HasConsented": true,
          "LastUpdated": "2016-10-23",
          "Username": "Grale1949",
          "title": "coupon-marketing"
        }, {
          "_id": "60",
          "HasConsented": false,
          "LastUpdated": "2017-12-24",
          "Username": "Suspe1950",
          "title": "coupon-marketing"
        }, {
          "_id": "61",
          "HasConsented": true,
          "LastUpdated": "2018-11-10",
          "Username": "Beeloo",
          "title": "coupon-marketing"
        }, {
          "_id": "62",
          "HasConsented": false,
          "LastUpdated": "2015-12-12",
          "Username": "Nork1962",
          "title": "coupon-marketing"
        }, {
          "_id": "63",
          "HasConsented": true,
          "LastUpdated": "2018-10-27",
          "Username": "Aphervin",
          "title": "coupon-marketing"
        }, {
          "_id": "64",
          "HasConsented": false,
          "LastUpdated": "2017-11-20",
          "Username": "Chases",
          "title": "coupon-marketing"
        }, {
          "_id": "65",
          "HasConsented": false,
          "LastUpdated": "2018-11-27",
          "Username": "Loure1995",
          "title": "coupon-marketing"
        }, {
          "_id": "66",
          "HasConsented": false,
          "LastUpdated": "2016-10-26",
          "Username": "Cupped",
          "title": "coupon-marketing"
        }, {
          "_id": "67",
          "HasConsented": false,
          "LastUpdated": "2017-12-11",
          "Username": "Thernand36",
          "title": "coupon-marketing"
        }, {
          "_id": "68",
          "HasConsented": false,
          "LastUpdated": "2015-10-25",
          "Username": "Rainkinste",
          "title": "coupon-marketing"
        }, {
          "_id": "69",
          "HasConsented": true,
          "LastUpdated": "2015-11-30",
          "Username": "Ithis1942",
          "title": "coupon-marketing"
        }, {
          "_id": "70",
          "HasConsented": false,
          "LastUpdated": "2018-10-15",
          "Username": "Fradenurry",
          "title": "coupon-marketing"
        }, {
          "_id": "71",
          "HasConsented": false,
          "LastUpdated": "2016-10-30",
          "Username": "Weent1976",
          "title": "coupon-marketing"
        }, {
          "_id": "72",
          "HasConsented": false,
          "LastUpdated": "2015-10-29",
          "Username": "Anglover",
          "title": "coupon-marketing"
        }, {
          "_id": "73",
          "HasConsented": true,
          "LastUpdated": "2018-10-17",
          "Username": "Torgent",
          "title": "coupon-marketing"
        }, {
          "_id": "74",
          "HasConsented": true,
          "LastUpdated": "2018-12-15",
          "Username": "Persay",
          "title": "coupon-marketing"
        }, {
          "_id": "75",
          "HasConsented": true,
          "LastUpdated": "2018-12-19",
          "Username": "Speargons",
          "title": "email-marketing"
        }, {
          "_id": "76",
          "HasConsented": false,
          "LastUpdated": "2018-10-13",
          "Username": "Shiceat",
          "title": "email-marketing"
        }, {
          "_id": "77",
          "HasConsented": false,
          "LastUpdated": "2018-11-28",
          "Username": "Lored1934",
          "title": "email-marketing"
        }, {
          "_id": "78",
          "HasConsented": false,
          "LastUpdated": "2015-12-29",
          "Username": "Peade1963",
          "title": "email-marketing"
        }, {
          "_id": "79",
          "HasConsented": false,
          "LastUpdated": "2015-11-15",
          "Username": "Nottedits",
          "title": "email-marketing"
        }, {
          "_id": "80",
          "HasConsented": true,
          "LastUpdated": "2018-12-11",
          "Username": "Necam1976",
          "title": "email-marketing"
        }, {
          "_id": "81",
          "HasConsented": true,
          "LastUpdated": "2016-12-27",
          "Username": "Kedis1977",
          "title": "email-marketing"
        }, {
          "_id": "82",
          "HasConsented": true,
          "LastUpdated": "2017-12-23",
          "Username": "Abses1972",
          "title": "email-marketing"
        }, {
          "_id": "83",
          "HasConsented": false,
          "LastUpdated": "2018-12-18",
          "Username": "Beent1973",
          "title": "email-marketing"
        }, {
          "_id": "84",
          "HasConsented": true,
          "LastUpdated": "2015-10-21",
          "Username": "Litine",
          "title": "email-marketing"
        }, {
          "_id": "85",
          "HasConsented": false,
          "LastUpdated": "2015-10-28",
          "Username": "Atten1961",
          "title": "email-marketing"
        }, {
          "_id": "86",
          "HasConsented": true,
          "LastUpdated": "2016-11-28",
          "Username": "Graccer1988",
          "title": "email-marketing"
        }, {
          "_id": "87",
          "HasConsented": true,
          "LastUpdated": "2016-11-17",
          "Username": "Contings",
          "title": "email-marketing"
        }, {
          "_id": "88",
          "HasConsented": true,
          "LastUpdated": "2015-12-22",
          "Username": "Forcind",
          "title": "email-marketing"
        }, {
          "_id": "89",
          "HasConsented": false,
          "LastUpdated": "2015-12-22",
          "Username": "Pabis1977",
          "title": "email-marketing"
        }, {
          "_id": "90",
          "HasConsented": false,
          "LastUpdated": "2018-10-13",
          "Username": "Corties",
          "title": "email-marketing"
        }, {
          "_id": "91",
          "HasConsented": false,
          "LastUpdated": "2018-12-24",
          "Username": "Divive",
          "title": "email-marketing"
        }, {
          "_id": "92",
          "HasConsented": false,
          "LastUpdated": "2015-10-28",
          "Username": "Himeduced",
          "title": "email-marketing"
        }, {
          "_id": "93",
          "HasConsented": true,
          "LastUpdated": "2015-12-25",
          "Username": "Eved1950",
          "title": "email-marketing"
        }, {
          "_id": "94",
          "HasConsented": false,
          "LastUpdated": "2016-11-19",
          "Username": "Crimeturs",
          "title": "email-marketing"
        }, {
          "_id": "95",
          "HasConsented": true,
          "LastUpdated": "2015-12-23",
          "Username": "Hustack",
          "title": "email-marketing"
        }, {
          "_id": "96",
          "HasConsented": true,
          "LastUpdated": "2016-11-17",
          "Username": "Theramer",
          "title": "email-marketing"
        }, {
          "_id": "97",
          "HasConsented": false,
          "LastUpdated": "2018-10-19",
          "Username": "Apphimarly1985",
          "title": "email-marketing"
        }, {
          "_id": "98",
          "HasConsented": false,
          "LastUpdated": "2016-12-30",
          "Username": "Kion1948",
          "title": "email-marketing"
        }, {
          "_id": "99",
          "HasConsented": true,
          "LastUpdated": "2017-10-25",
          "Username": "Cothed",
          "title": "email-marketing"
        }, {
          "_id": "100",
          "HasConsented": false,
          "LastUpdated": "2018-11-18",
          "Username": "Speargons",
          "title": "phone-marketing"
        }, {
          "_id": "101",
          "HasConsented": true,
          "LastUpdated": "2017-11-28",
          "Username": "Shiceat",
          "title": "phone-marketing"
        }, {
          "_id": "102",
          "HasConsented": false,
          "LastUpdated": "2016-12-21",
          "Username": "Lored1934",
          "title": "phone-marketing"
        }, {
          "_id": "103",
          "HasConsented": false,
          "LastUpdated": "2018-12-24",
          "Username": "Peade1963",
          "title": "phone-marketing"
        }, {
          "_id": "104",
          "HasConsented": true,
          "LastUpdated": "2018-12-21",
          "Username": "Nottedits",
          "title": "phone-marketing"
        }, {
          "_id": "105",
          "HasConsented": true,
          "LastUpdated": "2018-10-24",
          "Username": "Necam1976",
          "title": "phone-marketing"
        }, {
          "_id": "106",
          "HasConsented": false,
          "LastUpdated": "2017-11-16",
          "Username": "Kedis1977",
          "title": "phone-marketing"
        }, {
          "_id": "107",
          "HasConsented": true,
          "LastUpdated": "2015-10-19",
          "Username": "Abses1972",
          "title": "phone-marketing"
        }, {
          "_id": "108",
          "HasConsented": true,
          "LastUpdated": "2018-12-22",
          "Username": "Beent1973",
          "title": "phone-marketing"
        }, {
          "_id": "109",
          "HasConsented": false,
          "LastUpdated": "2017-10-13",
          "Username": "Litine",
          "title": "phone-marketing"
        }, {
          "_id": "110",
          "HasConsented": true,
          "LastUpdated": "2018-10-20",
          "Username": "Atten1961",
          "title": "phone-marketing"
        }, {
          "_id": "111",
          "HasConsented": true,
          "LastUpdated": "2015-12-18",
          "Username": "Graccer1988",
          "title": "phone-marketing"
        }, {
          "_id": "112",
          "HasConsented": false,
          "LastUpdated": "2016-11-10",
          "Username": "Contings",
          "title": "phone-marketing"
        }, {
          "_id": "113",
          "HasConsented": true,
          "LastUpdated": "2018-11-12",
          "Username": "Forcind",
          "title": "phone-marketing"
        }, {
          "_id": "114",
          "HasConsented": false,
          "LastUpdated": "2018-11-11",
          "Username": "Pabis1977",
          "title": "phone-marketing"
        }, {
          "_id": "115",
          "HasConsented": true,
          "LastUpdated": "2017-12-14",
          "Username": "Corties",
          "title": "phone-marketing"
        }, {
          "_id": "116",
          "HasConsented": false,
          "LastUpdated": "2015-11-11",
          "Username": "Divive",
          "title": "phone-marketing"
        }, {
          "_id": "117",
          "HasConsented": false,
          "LastUpdated": "2018-10-20",
          "Username": "Himeduced",
          "title": "phone-marketing"
        }, {
          "_id": "118",
          "HasConsented": true,
          "LastUpdated": "2015-10-27",
          "Username": "Eved1950",
          "title": "phone-marketing"
        }, {
          "_id": "119",
          "HasConsented": false,
          "LastUpdated": "2015-12-15",
          "Username": "Crimeturs",
          "title": "phone-marketing"
        }, {
          "_id": "120",
          "HasConsented": true,
          "LastUpdated": "2018-11-19",
          "Username": "Hustack",
          "title": "phone-marketing"
        }, {
          "_id": "121",
          "HasConsented": false,
          "LastUpdated": "2017-10-11",
          "Username": "Theramer",
          "title": "phone-marketing"
        }, {
          "_id": "122",
          "HasConsented": false,
          "LastUpdated": "2018-12-10",
          "Username": "Apphimarly1985",
          "title": "phone-marketing"
        }, {
          "_id": "123",
          "HasConsented": true,
          "LastUpdated": "2016-10-15",
          "Username": "Kion1948",
          "title": "phone-marketing"
        }, {
          "_id": "124",
          "HasConsented": false,
          "LastUpdated": "2015-10-22",
          "Username": "Cothed",
          "title": "phone-marketing"
        }, {
          "_id": "125",
          "HasConsented": false,
          "LastUpdated": "2017-11-25",
          "Username": "Athey1978",
          "title": "coupon-marketing"
        }, {
          "_id": "126",
          "HasConsented": false,
          "LastUpdated": "2015-11-20",
          "Username": "Afted1940",
          "title": "coupon-marketing"
        }, {
          "_id": "127",
          "HasConsented": true,
          "LastUpdated": "2015-11-25",
          "Username": "Sarehely",
          "title": "coupon-marketing"
        }, {
          "_id": "128",
          "HasConsented": true,
          "LastUpdated": "2015-10-11",
          "Username": "Obesson",
          "title": "coupon-marketing"
        }, {
          "_id": "129",
          "HasConsented": true,
          "LastUpdated": "2015-12-23",
          "Username": "Yoult1981",
          "title": "coupon-marketing"
        }, {
          "_id": "130",
          "HasConsented": true,
          "LastUpdated": "2015-11-11",
          "Username": "Linne1947",
          "title": "coupon-marketing"
        }, {
          "_id": "131",
          "HasConsented": false,
          "LastUpdated": "2017-12-26",
          "Username": "Dien1956",
          "title": "coupon-marketing"
        }, {
          "_id": "132",
          "HasConsented": true,
          "LastUpdated": "2018-12-15",
          "Username": "Malloffe",
          "title": "coupon-marketing"
        }, {
          "_id": "133",
          "HasConsented": false,
          "LastUpdated": "2016-10-14",
          "Username": "Pecassoo",
          "title": "coupon-marketing"
        }, {
          "_id": "134",
          "HasConsented": false,
          "LastUpdated": "2018-12-14",
          "Username": "Thaton",
          "title": "coupon-marketing"
        }, {
          "_id": "135",
          "HasConsented": true,
          "LastUpdated": "2018-11-15",
          "Username": "Roas1976",
          "title": "coupon-marketing"
        }, {
          "_id": "136",
          "HasConsented": false,
          "LastUpdated": "2017-11-16",
          "Username": "Beased",
          "title": "coupon-marketing"
        }, {
          "_id": "137",
          "HasConsented": true,
          "LastUpdated": "2018-12-12",
          "Username": "Andell",
          "title": "coupon-marketing"
        }, {
          "_id": "138",
          "HasConsented": true,
          "LastUpdated": "2017-11-19",
          "Username": "Obtlyn",
          "title": "coupon-marketing"
        }, {
          "_id": "139",
          "HasConsented": true,
          "LastUpdated": "2018-12-20",
          "Username": "Frally",
          "title": "coupon-marketing"
        }, {
          "_id": "140",
          "HasConsented": false,
          "LastUpdated": "2015-12-27",
          "Username": "Sever1937",
          "title": "coupon-marketing"
        }, {
          "_id": "141",
          "HasConsented": false,
          "LastUpdated": "2018-10-15",
          "Username": "Solow1962",
          "title": "coupon-marketing"
        }, {
          "_id": "142",
          "HasConsented": false,
          "LastUpdated": "2015-10-21",
          "Username": "Hasurseen",
          "title": "coupon-marketing"
        }, {
          "_id": "143",
          "HasConsented": false,
          "LastUpdated": "2015-12-24",
          "Username": "Decture1968",
          "title": "coupon-marketing"
        }, {
          "_id": "144",
          "HasConsented": true,
          "LastUpdated": "2018-10-10",
          "Username": "Lingovensids",
          "title": "coupon-marketing"
        }, {
          "_id": "145",
          "HasConsented": true,
          "LastUpdated": "2016-10-15",
          "Username": "Poseetunres",
          "title": "coupon-marketing"
        }, {
          "_id": "146",
          "HasConsented": true,
          "LastUpdated": "2017-11-28",
          "Username": "Wavers",
          "title": "coupon-marketing"
        }, {
          "_id": "147",
          "HasConsented": true,
          "LastUpdated": "2016-11-28",
          "Username": "Weralause",
          "title": "coupon-marketing"
        }, {
          "_id": "148",
          "HasConsented": true,
          "LastUpdated": "2017-11-27",
          "Username": "Shemas",
          "title": "coupon-marketing"
        }, {
          "_id": "149",
          "HasConsented": true,
          "LastUpdated": "2018-12-24",
          "Username": "Mationdeed",
          "title": "coupon-marketing"
        }]
      },
      "test": {
        "type": "embedded",
        "entities": [{
          "_id": "0",
          "HasConsented": true,
          "LastUpdated": "2015-10-25",
          "Username": "Unjudosely",
          "title": "email-marketing"
        }, {
          "_id": "1",
          "HasConsented": true,
          "LastUpdated": "2015-12-20",
          "Username": "Wimen1979",
          "title": "email-marketing"
        }, {
          "_id": "2",
          "HasConsented": true,
          "LastUpdated": "2017-11-21",
          "Username": "Gotin1984",
          "title": "email-marketing"
        }, {
          "_id": "3",
          "HasConsented": true,
          "LastUpdated": "2017-11-16",
          "Username": "Slin1956",
          "title": "email-marketing"
        }, {
          "_id": "4",
          "HasConsented": false,
          "LastUpdated": "2016-12-12",
          "Username": "Firejus",
          "title": "email-marketing"
        }, {
          "_id": "31",
          "HasConsented": false,
          "LastUpdated": "2018-10-30",
          "Username": "Zably1991",
          "title": "phone-marketing"
        }, {
          "_id": "7",
          "HasConsented": false,
          "LastUpdated": "2017-11-17",
          "Username": "Hicar1971",
          "title": "email-marketing"
        }, {
          "_id": "8",
          "HasConsented": false,
          "LastUpdated": "2017-10-29",
          "Username": "Whavillat",
          "title": "email-marketing"
        }, {
          "_id": "9",
          "HasConsented": false,
          "LastUpdated": "2015-12-28",
          "Username": "Grale1949",
          "title": "email-marketing"
        }, {
          "_id": "44",
          "HasConsented": true,
          "LastUpdated": "2016-11-14",
          "Username": "Ithis1942",
          "title": "phone-marketing"
        }]
      }
    },
    "condition": "$ENV(node-env)"
  },
  "transform": {
    "type": "dtl",
    "rules": {
      "default": [
        ["copy", "*"],
        ["add", "rdf:type",
          ["ni", "salesforce", "consent"]
        ]
      ]
    }
  },
  "pump": {
    "cron_expression": "0 0 1 1 ?"
  },
  "metadata": {
    "tags": ["consent", "embedded"]
  }
}
