{
  "_id": "salesforce-userprofile",
  "type": "pipe",
  "source": {
    "type": "conditional",
    "alternatives": {
      "embedded": {
        "type": "embedded",
        "entities": [{
          "_id": "0",
          "EmailAddress": "LauritsBerg@armyspy.com",
          "Username": "Unjudosely",
          "phone_number": 29398319
        }, {
          "_id": "1",
          "EmailAddress": "AleksanderOmmundsen@armyspy.com",
          "Username": "Wimen1979",
          "phone_number": 24723752
        }, {
          "_id": "2",
          "EmailAddress": "MariZielinski@gustr.com",
          "Username": "Gotin1984",
          "phone_number": 14483792
        }, {
          "_id": "3",
          "EmailAddress": "KasperAndersen@fleckens.hu",
          "Username": "Slin1956",
          "phone_number": 91794756
        }, {
          "_id": "4",
          "EmailAddress": "LucasLie@gustr.com",
          "Username": "Firejus",
          "phone_number": 22786513
        }, {
          "_id": "5",
          "EmailAddress": "DavidBerntsen@armyspy.com",
          "Username": "Somper",
          "phone_number": 27661595
        }, {
          "_id": "6",
          "EmailAddress": "MajaSrli@teleworm.us",
          "Username": "Zably1991",
          "phone_number": 67558820
        }, {
          "_id": "7",
          "EmailAddress": "MariaBerg@superrito.com",
          "Username": "Hicar1971",
          "phone_number": 66261922
        }, {
          "_id": "8",
          "EmailAddress": "AmalieJakobsen@armyspy.com",
          "Username": "Whavillat",
          "phone_number": 42764125
        }, {
          "_id": "9",
          "EmailAddress": "OskarBirkeland@einrot.com",
          "Username": "Grale1949",
          "phone_number": 25406855
        }, {
          "_id": "10",
          "EmailAddress": "LucasTjstheim@jourrapide.com",
          "Username": "Suspe1950",
          "phone_number": 42930841
        }, {
          "_id": "11",
          "EmailAddress": "OskarBirkeland@einrot.com",
          "Username": "Beeloo",
          "phone_number": 30587171
        }, {
          "_id": "12",
          "EmailAddress": "JakobLundh@cuvox.de",
          "Username": "Nork1962",
          "phone_number": 80105115
        }, {
          "_id": "13",
          "EmailAddress": "MarkusAndersen@dayrep.com",
          "Username": "Aphervin",
          "phone_number": 63217407
        }, {
          "_id": "14",
          "EmailAddress": "KasperAndersen@fleckens.hu",
          "Username": "Chases",
          "phone_number": 38200270
        }, {
          "_id": "15",
          "EmailAddress": "LucasLie@gustr.com",
          "Username": "Loure1995",
          "phone_number": 79895030
        }, {
          "_id": "16",
          "EmailAddress": "MarkusAndersen@gustr.com",
          "Username": "Cupped",
          "phone_number": 78961871
        }, {
          "_id": "17",
          "EmailAddress": "AshildThoresen@rhyta.com",
          "Username": "Thernand36",
          "phone_number": 91039722
        }, {
          "_id": "18",
          "EmailAddress": "MelineHansen@armyspy.com",
          "Username": "Rainkinste",
          "phone_number": 36456891
        }, {
          "_id": "19",
          "EmailAddress": "LucasTjstheim@dayrep.com",
          "Username": "Ithis1942",
          "phone_number": 93962632
        }, {
          "_id": "20",
          "EmailAddress": "InaJohansen@einrot.com",
          "Username": "Fradenurry",
          "phone_number": 19806102
        }, {
          "_id": "21",
          "EmailAddress": "EskilKristiansen@dayrep.com",
          "Username": "Weent1976",
          "phone_number": 67508778
        }, {
          "_id": "22",
          "EmailAddress": "KristineLkas@cuvox.de",
          "Username": "Anglover",
          "phone_number": 68482462
        }, {
          "_id": "23",
          "EmailAddress": "JulieAndersen@jourrapide.com",
          "Username": "Torgent",
          "phone_number": 22423648
        }, {
          "_id": "24",
          "EmailAddress": "SimenSolli@rhyta.com",
          "Username": "Persay",
          "phone_number": 83794619
        }, {
          "_id": "25",
          "EmailAddress": "LauritsBerg@armyspy.com",
          "Username": "Unjudosely",
          "phone_number": 82349438
        }, {
          "_id": "26",
          "EmailAddress": "AleksanderOmmundsen@armyspy.com",
          "Username": "Wimen1979",
          "phone_number": 94568695
        }, {
          "_id": "27",
          "EmailAddress": "MariZielinski@gustr.com",
          "Username": "Gotin1984",
          "phone_number": 55246827
        }, {
          "_id": "28",
          "EmailAddress": "KasperAndersen@fleckens.hu",
          "Username": "Slin1956",
          "phone_number": 97890660
        }, {
          "_id": "29",
          "EmailAddress": "LucasLie@gustr.com",
          "Username": "Firejus",
          "phone_number": 72138300
        }, {
          "_id": "30",
          "EmailAddress": "DavidBerntsen@armyspy.com",
          "Username": "Somper",
          "phone_number": 87135254
        }, {
          "_id": "31",
          "EmailAddress": "MajaSrli@teleworm.us",
          "Username": "Zably1991",
          "phone_number": 60891978
        }, {
          "_id": "32",
          "EmailAddress": "MariaBerg@superrito.com",
          "Username": "Hicar1971",
          "phone_number": 68277343
        }, {
          "_id": "33",
          "EmailAddress": "AmalieJakobsen@armyspy.com",
          "Username": "Whavillat",
          "phone_number": 14515381
        }, {
          "_id": "34",
          "EmailAddress": "OskarBirkeland@einrot.com",
          "Username": "Grale1949",
          "phone_number": 68930418
        }, {
          "_id": "35",
          "EmailAddress": "LucasTjstheim@jourrapide.com",
          "Username": "Suspe1950",
          "phone_number": 28881021
        }, {
          "_id": "36",
          "EmailAddress": "OskarBirkeland@einrot.com",
          "Username": "Beeloo",
          "phone_number": 10071495
        }, {
          "_id": "37",
          "EmailAddress": "JakobLundh@cuvox.de",
          "Username": "Nork1962",
          "phone_number": 14727356
        }, {
          "_id": "38",
          "EmailAddress": "MarkusAndersen@dayrep.com",
          "Username": "Aphervin",
          "phone_number": 56870597
        }, {
          "_id": "39",
          "EmailAddress": "KasperAndersen@fleckens.hu",
          "Username": "Chases",
          "phone_number": 25389841
        }, {
          "_id": "40",
          "EmailAddress": "LucasLie@gustr.com",
          "Username": "Loure1995",
          "phone_number": 54989397
        }, {
          "_id": "41",
          "EmailAddress": "MarkusAndersen@gustr.com",
          "Username": "Cupped",
          "phone_number": 23134535
        }, {
          "_id": "42",
          "EmailAddress": "AshildThoresen@rhyta.com",
          "Username": "Thernand36",
          "phone_number": 66460087
        }, {
          "_id": "43",
          "EmailAddress": "MelineHansen@armyspy.com",
          "Username": "Rainkinste",
          "phone_number": 65999915
        }, {
          "_id": "44",
          "EmailAddress": "LucasTjstheim@dayrep.com",
          "Username": "Ithis1942",
          "phone_number": 37558259
        }, {
          "_id": "45",
          "EmailAddress": "InaJohansen@einrot.com",
          "Username": "Fradenurry",
          "phone_number": 11925196
        }, {
          "_id": "46",
          "EmailAddress": "EskilKristiansen@dayrep.com",
          "Username": "Weent1976",
          "phone_number": 35741638
        }, {
          "_id": "47",
          "EmailAddress": "KristineLkas@cuvox.de",
          "Username": "Anglover",
          "phone_number": 48709595
        }, {
          "_id": "48",
          "EmailAddress": "JulieAndersen@jourrapide.com",
          "Username": "Torgent",
          "phone_number": 46549768
        }, {
          "_id": "49",
          "EmailAddress": "SimenSolli@rhyta.com",
          "Username": "Persay",
          "phone_number": 47938525
        }, {
          "_id": "50",
          "EmailAddress": "LauritsBerg@armyspy.com",
          "Username": "Unjudosely",
          "phone_number": 86741918
        }, {
          "_id": "51",
          "EmailAddress": "AleksanderOmmundsen@armyspy.com",
          "Username": "Wimen1979",
          "phone_number": 20679614
        }, {
          "_id": "52",
          "EmailAddress": "MariZielinski@gustr.com",
          "Username": "Gotin1984",
          "phone_number": 94536332
        }, {
          "_id": "53",
          "EmailAddress": "KasperAndersen@fleckens.hu",
          "Username": "Slin1956",
          "phone_number": 29188021
        }, {
          "_id": "54",
          "EmailAddress": "LucasLie@gustr.com",
          "Username": "Firejus",
          "phone_number": 26345072
        }, {
          "_id": "55",
          "EmailAddress": "DavidBerntsen@armyspy.com",
          "Username": "Somper",
          "phone_number": 75484317
        }, {
          "_id": "56",
          "EmailAddress": "MajaSrli@teleworm.us",
          "Username": "Zably1991",
          "phone_number": 47465299
        }, {
          "_id": "57",
          "EmailAddress": "MariaBerg@superrito.com",
          "Username": "Hicar1971",
          "phone_number": 87018035
        }, {
          "_id": "58",
          "EmailAddress": "AmalieJakobsen@armyspy.com",
          "Username": "Whavillat",
          "phone_number": 83873480
        }, {
          "_id": "59",
          "EmailAddress": "OskarBirkeland@einrot.com",
          "Username": "Grale1949",
          "phone_number": 58146115
        }, {
          "_id": "60",
          "EmailAddress": "LucasTjstheim@jourrapide.com",
          "Username": "Suspe1950",
          "phone_number": 94613633
        }, {
          "_id": "61",
          "EmailAddress": "OskarBirkeland@einrot.com",
          "Username": "Beeloo",
          "phone_number": 95704477
        }, {
          "_id": "62",
          "EmailAddress": "JakobLundh@cuvox.de",
          "Username": "Nork1962",
          "phone_number": 21865101
        }, {
          "_id": "63",
          "EmailAddress": "MarkusAndersen@dayrep.com",
          "Username": "Aphervin",
          "phone_number": 62571278
        }, {
          "_id": "64",
          "EmailAddress": "KasperAndersen@fleckens.hu",
          "Username": "Chases",
          "phone_number": 91763896
        }, {
          "_id": "65",
          "EmailAddress": "LucasLie@gustr.com",
          "Username": "Loure1995",
          "phone_number": 21887950
        }, {
          "_id": "66",
          "EmailAddress": "MarkusAndersen@gustr.com",
          "Username": "Cupped",
          "phone_number": 91689440
        }, {
          "_id": "67",
          "EmailAddress": "AshildThoresen@rhyta.com",
          "Username": "Thernand36",
          "phone_number": 59288630
        }, {
          "_id": "68",
          "EmailAddress": "MelineHansen@armyspy.com",
          "Username": "Rainkinste",
          "phone_number": 39110247
        }, {
          "_id": "69",
          "EmailAddress": "LucasTjstheim@dayrep.com",
          "Username": "Ithis1942",
          "phone_number": 77284123
        }, {
          "_id": "70",
          "EmailAddress": "InaJohansen@einrot.com",
          "Username": "Fradenurry",
          "phone_number": 51536343
        }, {
          "_id": "71",
          "EmailAddress": "EskilKristiansen@dayrep.com",
          "Username": "Weent1976",
          "phone_number": 70528801
        }, {
          "_id": "72",
          "EmailAddress": "KristineLkas@cuvox.de",
          "Username": "Anglover",
          "phone_number": 10104794
        }, {
          "_id": "73",
          "EmailAddress": "JulieAndersen@jourrapide.com",
          "Username": "Torgent",
          "phone_number": 57315414
        }, {
          "_id": "74",
          "EmailAddress": "SimenSolli@rhyta.com",
          "Username": "Persay",
          "phone_number": 21919757
        }, {
          "_id": "75",
          "EmailAddress": "KatinkaStrand@einrot.com",
          "Username": "Speargons",
          "phone_number": 56128883
        }, {
          "_id": "76",
          "EmailAddress": "LucasTjstheim@dayrep.com",
          "Username": "Shiceat",
          "phone_number": 15436207
        }, {
          "_id": "77",
          "EmailAddress": "DavidBerntsen@dayrep.com",
          "Username": "Lored1934",
          "phone_number": 22438653
        }, {
          "_id": "78",
          "EmailAddress": "RubenOlsen@einrot.com",
          "Username": "Peade1963",
          "phone_number": 27401760
        }, {
          "_id": "79",
          "EmailAddress": "ErikaOlsen@superrito.com",
          "Username": "Nottedits",
          "phone_number": 49393420
        }, {
          "_id": "80",
          "EmailAddress": "Emiliestby@superrito.com",
          "Username": "Necam1976",
          "phone_number": 30819950
        }, {
          "_id": "81",
          "EmailAddress": "KonradOmmundsen@rhyta.com",
          "Username": "Kedis1977",
          "phone_number": 72640144
        }, {
          "_id": "82",
          "EmailAddress": "SimenSolli@einrot.com",
          "Username": "Abses1972",
          "phone_number": 85247612
        }, {
          "_id": "83",
          "EmailAddress": "AnnaOlsen@superrito.com",
          "Username": "Beent1973",
          "phone_number": 69067120
        }, {
          "_id": "84",
          "EmailAddress": "UnaBoge@jourrapide.com",
          "Username": "Litine",
          "phone_number": 74651088
        }, {
          "_id": "85",
          "EmailAddress": "KristineLkas@rhyta.com",
          "Username": "Atten1961",
          "phone_number": 61425299
        }, {
          "_id": "86",
          "EmailAddress": "BenjaminLarsen@jourrapide.com",
          "Username": "Graccer1988",
          "phone_number": 91363870
        }, {
          "_id": "87",
          "EmailAddress": "EliasThomassen@armyspy.com",
          "Username": "Contings",
          "phone_number": 56156770
        }, {
          "_id": "88",
          "EmailAddress": "CelineSveen@dayrep.com",
          "Username": "Forcind",
          "phone_number": 36695822
        }, {
          "_id": "89",
          "EmailAddress": "LotteHammer@fleckens.hu",
          "Username": "Pabis1977",
          "phone_number": 43857614
        }, {
          "_id": "90",
          "EmailAddress": "SiljaHavik@cuvox.de",
          "Username": "Corties",
          "phone_number": 27837606
        }, {
          "_id": "91",
          "EmailAddress": "TorjusSand@jourrapide.com",
          "Username": "Divive",
          "phone_number": 96908306
        }, {
          "_id": "92",
          "EmailAddress": "BenjaminLarsen@dayrep.com",
          "Username": "Himeduced",
          "phone_number": 40231944
        }, {
          "_id": "93",
          "EmailAddress": "AmalieKristiansen@rhyta.com",
          "Username": "Eved1950",
          "phone_number": 23062911
        }, {
          "_id": "94",
          "EmailAddress": "AdrianRasmussen@jourrapide.com",
          "Username": "Crimeturs",
          "phone_number": 23546592
        }, {
          "_id": "95",
          "EmailAddress": "AdrianRasmussen@einrot.com",
          "Username": "Hustack",
          "phone_number": 30020846
        }, {
          "_id": "96",
          "EmailAddress": "DennisOlsen@armyspy.com",
          "Username": "Theramer",
          "phone_number": 77993563
        }, {
          "_id": "97",
          "EmailAddress": "EmilieBirkeland@rhyta.com",
          "Username": "Apphimarly1985",
          "phone_number": 26400001
        }, {
          "_id": "98",
          "EmailAddress": "MikaelSivertsen@dayrep.com",
          "Username": "Kion1948",
          "phone_number": 99891186
        }, {
          "_id": "99",
          "EmailAddress": "EmilEikeland@jourrapide.com",
          "Username": "Cothed",
          "phone_number": 72167799
        }, {
          "_id": "100",
          "EmailAddress": "KatinkaStrand@einrot.com",
          "Username": "Speargons",
          "phone_number": 75371293
        }, {
          "_id": "101",
          "EmailAddress": "LucasTjstheim@dayrep.com",
          "Username": "Shiceat",
          "phone_number": 79313568
        }, {
          "_id": "102",
          "EmailAddress": "DavidBerntsen@dayrep.com",
          "Username": "Lored1934",
          "phone_number": 17312596
        }, {
          "_id": "103",
          "EmailAddress": "RubenOlsen@einrot.com",
          "Username": "Peade1963",
          "phone_number": 41577540
        }, {
          "_id": "104",
          "EmailAddress": "ErikaOlsen@superrito.com",
          "Username": "Nottedits",
          "phone_number": 60881492
        }, {
          "_id": "105",
          "EmailAddress": "Emiliestby@superrito.com",
          "Username": "Necam1976",
          "phone_number": 53020813
        }, {
          "_id": "106",
          "EmailAddress": "KonradOmmundsen@rhyta.com",
          "Username": "Kedis1977",
          "phone_number": 66825893
        }, {
          "_id": "107",
          "EmailAddress": "SimenSolli@einrot.com",
          "Username": "Abses1972",
          "phone_number": 37550564
        }, {
          "_id": "108",
          "EmailAddress": "AnnaOlsen@superrito.com",
          "Username": "Beent1973",
          "phone_number": 18321823
        }, {
          "_id": "109",
          "EmailAddress": "UnaBoge@jourrapide.com",
          "Username": "Litine",
          "phone_number": 26473179
        }, {
          "_id": "110",
          "EmailAddress": "KristineLkas@rhyta.com",
          "Username": "Atten1961",
          "phone_number": 86989617
        }, {
          "_id": "111",
          "EmailAddress": "BenjaminLarsen@jourrapide.com",
          "Username": "Graccer1988",
          "phone_number": 61488801
        }, {
          "_id": "112",
          "EmailAddress": "EliasThomassen@armyspy.com",
          "Username": "Contings",
          "phone_number": 84399511
        }, {
          "_id": "113",
          "EmailAddress": "CelineSveen@dayrep.com",
          "Username": "Forcind",
          "phone_number": 75992174
        }, {
          "_id": "114",
          "EmailAddress": "LotteHammer@fleckens.hu",
          "Username": "Pabis1977",
          "phone_number": 70884288
        }, {
          "_id": "115",
          "EmailAddress": "SiljaHavik@cuvox.de",
          "Username": "Corties",
          "phone_number": 91483370
        }, {
          "_id": "116",
          "EmailAddress": "TorjusSand@jourrapide.com",
          "Username": "Divive",
          "phone_number": 57815918
        }, {
          "_id": "117",
          "EmailAddress": "BenjaminLarsen@dayrep.com",
          "Username": "Himeduced",
          "phone_number": 29568922
        }, {
          "_id": "118",
          "EmailAddress": "AmalieKristiansen@rhyta.com",
          "Username": "Eved1950",
          "phone_number": 74157952
        }, {
          "_id": "119",
          "EmailAddress": "AdrianRasmussen@jourrapide.com",
          "Username": "Crimeturs",
          "phone_number": 82901146
        }, {
          "_id": "120",
          "EmailAddress": "AdrianRasmussen@einrot.com",
          "Username": "Hustack",
          "phone_number": 86677289
        }, {
          "_id": "121",
          "EmailAddress": "DennisOlsen@armyspy.com",
          "Username": "Theramer",
          "phone_number": 86425328
        }, {
          "_id": "122",
          "EmailAddress": "EmilieBirkeland@rhyta.com",
          "Username": "Apphimarly1985",
          "phone_number": 47004132
        }, {
          "_id": "123",
          "EmailAddress": "MikaelSivertsen@dayrep.com",
          "Username": "Kion1948",
          "phone_number": 93955885
        }, {
          "_id": "124",
          "EmailAddress": "EmilEikeland@jourrapide.com",
          "Username": "Cothed",
          "phone_number": 28764261
        }, {
          "_id": "125",
          "EmailAddress": "OskarBirkeland@gustr.com",
          "Username": "Athey1978",
          "phone_number": 63991170
        }, {
          "_id": "126",
          "EmailAddress": "InaJohansen@rhyta.com",
          "Username": "Afted1940",
          "phone_number": 71130344
        }, {
          "_id": "127",
          "EmailAddress": "EskilKristiansen@armyspy.com",
          "Username": "Sarehely",
          "phone_number": 80194048
        }, {
          "_id": "128",
          "EmailAddress": "OdaJohansen@rhyta.com",
          "Username": "Obesson",
          "phone_number": 67888018
        }, {
          "_id": "129",
          "EmailAddress": "EmilieHaland@superrito.com",
          "Username": "Yoult1981",
          "phone_number": 21704568
        }, {
          "_id": "130",
          "EmailAddress": "JohanPettersen@jourrapide.com",
          "Username": "Linne1947",
          "phone_number": 42693717
        }, {
          "_id": "131",
          "EmailAddress": "LeoRasmussen@fleckens.hu",
          "Username": "Dien1956",
          "phone_number": 27795705
        }, {
          "_id": "132",
          "EmailAddress": "ErikRnningen@gustr.com",
          "Username": "Malloffe",
          "phone_number": 68332430
        }, {
          "_id": "133",
          "EmailAddress": "IdaSchjlberg@gustr.com",
          "Username": "Pecassoo",
          "phone_number": 76815684
        }, {
          "_id": "134",
          "EmailAddress": "JesperDale@cuvox.de",
          "Username": "Thaton",
          "phone_number": 71760385
        }, {
          "_id": "135",
          "EmailAddress": "MajaSteinsland@gustr.com",
          "Username": "Roas1976",
          "phone_number": 88186826
        }, {
          "_id": "136",
          "EmailAddress": "TobiasSommervold@gustr.com",
          "Username": "Beased",
          "phone_number": 54095859
        }, {
          "_id": "137",
          "EmailAddress": "TheaMathisen@jourrapide.com",
          "Username": "Andell",
          "phone_number": 44038283
        }, {
          "_id": "138",
          "EmailAddress": "FredrikBrathen@gustr.com",
          "Username": "Obtlyn",
          "phone_number": 60586719
        }, {
          "_id": "139",
          "EmailAddress": "EmilieBirkeland@fleckens.hu",
          "Username": "Frally",
          "phone_number": 28968800
        }, {
          "_id": "140",
          "EmailAddress": "HelenaFuglestad@armyspy.com",
          "Username": "Sever1937",
          "phone_number": 41293720
        }, {
          "_id": "141",
          "EmailAddress": "MariaBerg@superrito.com",
          "Username": "Solow1962",
          "phone_number": 80544149
        }, {
          "_id": "142",
          "EmailAddress": "YaraMller@rhyta.com",
          "Username": "Hasurseen",
          "phone_number": 47764582
        }, {
          "_id": "143",
          "EmailAddress": "LotteMelhus@dayrep.com",
          "Username": "Decture1968",
          "phone_number": 79320948
        }, {
          "_id": "144",
          "EmailAddress": "EliseNornes@cuvox.de",
          "Username": "Lingovensids",
          "phone_number": 43765853
        }, {
          "_id": "145",
          "EmailAddress": "AgnesHaugo@dayrep.com",
          "Username": "Poseetunres",
          "phone_number": 16613382
        }, {
          "_id": "146",
          "EmailAddress": "EmilEikeland@armyspy.com",
          "Username": "Wavers",
          "phone_number": 26023318
        }, {
          "_id": "147",
          "EmailAddress": "RuneWold@armyspy.com",
          "Username": "Weralause",
          "phone_number": 71863404
        }, {
          "_id": "148",
          "EmailAddress": "WilliamFauske@jourrapide.com",
          "Username": "Shemas",
          "phone_number": 37612182
        }, {
          "_id": "149",
          "EmailAddress": "SebastianHansen@cuvox.de",
          "Username": "Mationdeed",
          "phone_number": 38552395
        }, {
          "_id": "150",
          "EmailAddress": "SimenSolli@jourrapide.com",
          "Username": "Entse1938",
          "phone_number": 24488513
        }, {
          "_id": "151",
          "EmailAddress": "SivertAsp@dayrep.com",
          "Username": "Altond",
          "phone_number": 96650317
        }, {
          "_id": "152",
          "EmailAddress": "RubenOlsen@cuvox.de",
          "Username": "Fisir1991",
          "phone_number": 89792492
        }, {
          "_id": "153",
          "EmailAddress": "MiaSaetra@einrot.com",
          "Username": "Hatilight",
          "phone_number": 69587258
        }, {
          "_id": "154",
          "EmailAddress": "JulieAndersen@superrito.com",
          "Username": "Glingraps",
          "phone_number": 57285016
        }, {
          "_id": "155",
          "EmailAddress": "CamillaWilhelmsen@dayrep.com",
          "Username": "Shenclace",
          "phone_number": 51815899
        }, {
          "_id": "156",
          "EmailAddress": "KasperAndersen@teleworm.us",
          "Username": "Pend1942",
          "phone_number": 43434217
        }, {
          "_id": "157",
          "EmailAddress": "AnnaOlsen@rhyta.com",
          "Username": "Froome",
          "phone_number": 50532192
        }, {
          "_id": "158",
          "EmailAddress": "OleFrde@gustr.com",
          "Username": "Fortulds1974",
          "phone_number": 74608968
        }, {
          "_id": "159",
          "EmailAddress": "KasperOpdal@cuvox.de",
          "Username": "Forcesel",
          "phone_number": 16722314
        }, {
          "_id": "160",
          "EmailAddress": "LiveKarlsen@dayrep.com",
          "Username": "Therhatim",
          "phone_number": 60181147
        }, {
          "_id": "161",
          "EmailAddress": "KonradOmmundsen@fleckens.hu",
          "Username": "Prought",
          "phone_number": 45276766
        }, {
          "_id": "162",
          "EmailAddress": "AuroraBjrkli@armyspy.com",
          "Username": "Fordoon",
          "phone_number": 63538067
        }, {
          "_id": "163",
          "EmailAddress": "JulieAndersen@fleckens.hu",
          "Username": "Hessium",
          "phone_number": 23261227
        }, {
          "_id": "164",
          "EmailAddress": "LucasLie@cuvox.de",
          "Username": "Briver",
          "phone_number": 21144119
        }, {
          "_id": "165",
          "EmailAddress": "DavidBerntsen@superrito.com",
          "Username": "Thret1941",
          "phone_number": 83795754
        }, {
          "_id": "166",
          "EmailAddress": "EmilEie@superrito.com",
          "Username": "Betation",
          "phone_number": 97870778
        }, {
          "_id": "167",
          "EmailAddress": "CaspianNygard@einrot.com",
          "Username": "Aney1996",
          "phone_number": 81314288
        }, {
          "_id": "168",
          "EmailAddress": "KarolineNess@fleckens.hu",
          "Username": "Shonswer",
          "phone_number": 93376313
        }, {
          "_id": "169",
          "EmailAddress": "KristinAakvik@jourrapide.com",
          "Username": "Scound1960",
          "phone_number": 64168438
        }, {
          "_id": "170",
          "EmailAddress": "HeleneEide@einrot.com",
          "Username": "Thishembled1947",
          "phone_number": 38881662
        }, {
          "_id": "171",
          "EmailAddress": "MajaSrli@rhyta.com",
          "Username": "Camem1953",
          "phone_number": 36132367
        }, {
          "_id": "172",
          "EmailAddress": "LotteHammer@armyspy.com",
          "Username": "Shas1942",
          "phone_number": 34886275
        }, {
          "_id": "173",
          "EmailAddress": "SebastianSkjold@dayrep.com",
          "Username": "Theimence",
          "phone_number": 67256023
        }, {
          "_id": "174",
          "EmailAddress": "IsakEikeland@teleworm.us",
          "Username": "Mays1944",
          "phone_number": 24887159
        }]
      },
      "test": {
        "type": "embedded",
        "entities": [{
          "_id": "0",
          "EmailAddress": "LauritsBerg@armyspy.com",
          "Username": "Unjudosely",
          "phone_number": 29398319
        }, {
          "_id": "1",
          "EmailAddress": "AleksanderOmmundsen@armyspy.com",
          "Username": "Wimen1979",
          "phone_number": 24723752
        }, {
          "_id": "2",
          "EmailAddress": "MariZielinski@gustr.com",
          "Username": "Gotin1984",
          "phone_number": 14483792
        }, {
          "_id": "3",
          "EmailAddress": "KasperAndersen@fleckens.hu",
          "Username": "Slin1956",
          "phone_number": 91794756
        }, {
          "_id": "4",
          "EmailAddress": "LucasLie@gustr.com",
          "Username": "Firejus",
          "phone_number": 22786513
        }, {
          "_id": "5",
          "EmailAddress": "DavidBerntsen@armyspy.com",
          "Username": "Somper",
          "phone_number": 27661595
        }, {
          "_id": "6",
          "EmailAddress": "MajaSrli@teleworm.us",
          "Username": "Zably1991",
          "phone_number": 67558820
        }, {
          "_id": "7",
          "EmailAddress": "MariaBerg@superrito.com",
          "Username": "Hicar1971",
          "phone_number": 66261922
        }, {
          "_id": "8",
          "EmailAddress": "AmalieJakobsen@armyspy.com",
          "Username": "Whavillat",
          "phone_number": 42764125
        }, {
          "_id": "9",
          "EmailAddress": "OskarBirkeland@einrot.com",
          "Username": "Grale1949",
          "phone_number": 25406855
        }]
      }
    },
    "condition": "$ENV(node-env)"
  },
  "transform": {
    "type": "dtl",
    "rules": {
      "default": [
        ["copy", "*"],
        ["add", "rdf:type",
          ["ni", "salesforce", "userprofile"]
        ]
      ]
    }
  },
  "pump": {
    "cron_expression": "0 0 1 1 ?"
  },
  "metadata": {
    "tags": ["consent", "embedded"]
  }
}
